r_squared,mse,pearson_r,log_loss,brier,auc,model,code,information_set,sharing,task,states,episodes,parameter_count,task_count,model_category,task_rank,best_task_specific_model,best_task_specific_interpretable
0.8480514985166854,0.35267525292753654,0.9214756674114095,0.42242935032861517,0.12462770219893696,0.8489376544857937,gru,M18,observable,shared_architecture_task_observation,bandit,1800,78,26650,3,flexible,1,True,False
0.8135460185049137,0.4327631035594423,0.9025979221171454,0.440662904207186,0.1344268276590355,0.8604352731438021,flexible_linear,M16,observable,task_specific,bandit,1800,78,75,3,flexible,2,False,False
0.7990984357647875,0.4662962075211492,0.8943478589967404,0.4383270127435999,0.12981189557268033,0.8283883525247393,mlp,M17,observable,shared_architecture_task_observation,bandit,1800,78,3738,3,flexible,3,False,False
0.78280718911548,0.5041084891590849,0.8847736155540976,0.4492572801196486,0.1372872202179597,0.851099379042468,finite_history,M5,observable,task_specific,bandit,1800,78,24,3,interpretable,4,False,True
0.7564031501663798,0.565392746810714,0.869840569523902,0.4446809340742921,0.13653726626133705,0.8487395681718356,choice_inertia,M4,observable,task_specific,bandit,1800,78,15,3,interpretable,5,False,False
0.5534829355206118,1.0363742788804116,0.7453475629456049,0.49319481877309873,0.1462488027677183,0.8237677739404535,value_history_hybrid,M8,observable,task_specific,bandit,1800,78,9,1,interpretable,6,False,False
0.5051679021328982,1.148514355642441,0.711291945118427,0.5189482246478496,0.1540697023961778,0.8198921721456193,time,M1,observable,task_specific,bandit,1800,78,9,3,interpretable,7,False,False
0.38174966960690826,1.4349703321546716,0.6285798668215795,0.5343722006029771,0.15568103432667102,0.8095830713713602,streak,M3,observable,task_specific,bandit,1800,78,12,3,interpretable,8,False,False
0.2868548310455733,1.65522298923541,0.5373880415745621,0.555833951806922,0.15778211859562347,0.7901835312761065,bayesian,M7,observable,task_specific,bandit,1800,78,4,1,interpretable,9,False,False
0.28188141439232306,1.6667663803118375,0.5330824989454779,0.5525502531596495,0.15775306050008767,0.7951959762640921,rescorla_wagner,M6,observable,task_specific,bandit,1800,78,4,1,interpretable,10,False,False
0.27235881293570796,1.6888685125767526,0.5239117514665144,0.5517301977339416,0.15681465699929847,0.7088734056204838,decomposed_meta_control,M11,observable,task_specific,bandit,1800,78,21,3,interpretable,11,False,False
0.20892154230701554,1.836107578744598,0.45747422813960764,0.5758151522247466,0.1615315889234338,0.7641394872148203,latent_commitment,M14,observable,task_specific,bandit,1800,78,12,3,interpretable,12,False,False
0.19481297775447548,1.8688538152881542,0.4417651961491744,0.5655864979193453,0.1582562111913045,0.6236575346005115,sticky_termination,M10,observable,task_specific,bandit,1800,78,9,3,interpretable,13,False,False
0.19323929113386384,1.8725063707364475,0.4428386197750916,0.5655642023695684,0.16003063477089152,0.7844648655166178,previous_outcome,M2,observable,task_specific,bandit,1800,78,9,3,interpretable,14,False,False
0.1507826611058829,1.9710489860791414,0.391408779604269,0.5847087452190571,0.1625912412413727,0.7390040564632119,disengagement_accumulator,M13,observable,task_specific,bandit,1800,78,6,3,interpretable,15,False,False
0.1507826611058829,1.9710489860791414,0.391408779604269,0.5847087452190571,0.1625912412413727,0.7390040564632119,generic_latent_value,M15,observable,task_specific,bandit,1800,78,6,3,interpretable,16,False,False
0.051265483073090534,2.202030177671898,0.22867304209948125,0.5944077527318775,0.16264931000852872,0.6307283547639758,termination_advantage,M9,observable,task_specific,bandit,1800,78,6,3,interpretable,17,False,False
0.9445902626979119,0.08496408350087471,0.9722467063540017,0.637938843443468,0.21916854601679325,0.7460899820862615,gru,M18,observable,shared_architecture_task_observation,foraging,364,118,26650,3,flexible,1,True,False
0.929631975200445,0.1079007955274262,0.9644698413988916,0.6355487230098811,0.217769065821083,0.7463139038170042,mlp,M17,observable,shared_architecture_task_observation,foraging,364,118,3738,3,flexible,2,False,False
0.842808163850205,0.24103453549099735,0.9189430653324395,0.6414314652564029,0.220808291651358,0.7416287722199256,flexible_linear,M16,observable,task_specific,foraging,364,118,75,3,flexible,3,False,False
0.7329186614124252,0.4095367034419226,0.8583384922569132,0.6400743242876307,0.22156058049349822,0.7461588810803362,sticky_termination,M10,observable,task_specific,foraging,364,118,9,3,interpretable,4,False,True
0.7166992975421412,0.43440712249287056,0.8499489950747828,0.6433040707133691,0.2231793535620614,0.7496038307840706,mvt_like_foraging_threshold,M12,observable,task_specific,foraging,364,118,4,1,interpretable,5,False,False
0.6703754272714354,0.5054391355180544,0.8190861594759526,0.64604624753289,0.22209882293045372,0.7455043406366267,finite_history,M5,observable,shared_architecture_task_observation,foraging,364,118,24,3,interpretable,6,False,False
0.6699334466268061,0.5061168590053781,0.8187659495574878,0.6468477502444268,0.22250366256930107,0.7473129392310872,choice_inertia,M4,observable,task_specific,foraging,364,118,15,3,interpretable,7,False,False
0.6686766777395067,0.5080439610253651,0.8179991943461125,0.6375503289592389,0.22082454627903686,0.731638418079096,decomposed_meta_control,M11,observable,task_specific,foraging,364,118,21,3,interpretable,8,False,False
0.6532486322748663,0.5317009896802112,0.8088966274725127,0.6496957422233252,0.2252172776965906,0.760334849111203,previous_outcome,M2,observable,task_specific,foraging,364,118,9,3,interpretable,9,False,False
0.6287763965617794,0.5692261825401573,0.7931336543188257,0.6516658311242303,0.22573360328749292,0.7521186440677966,streak,M3,observable,task_specific,foraging,364,118,12,3,interpretable,10,False,False
0.6015800244704718,0.6109285067487877,0.7758849839183107,0.6610557871256496,0.22916963484035027,0.7286585365853658,time,M1,observable,task_specific,foraging,364,118,9,3,interpretable,11,False,False
0.17699355050717347,1.2619801518862601,0.42334709579635266,0.7091246591364201,0.2534532899425393,0.6128565522943366,latent_commitment,M14,observable,task_specific,foraging,364,118,12,3,interpretable,12,False,False
0.0700684712445494,1.425936737951231,0.2703974200123928,0.7071655467901448,0.2534253927950714,0.560011023839052,disengagement_accumulator,M13,observable,task_specific,foraging,364,118,6,3,interpretable,13,False,False
0.0700684712445494,1.425936737951231,0.2703974200123928,0.7071655467901448,0.2534253927950714,0.560011023839052,generic_latent_value,M15,observable,task_specific,foraging,364,118,6,3,interpretable,14,False,False
0.0700684712445494,1.425936737951231,0.2703974200123928,0.7071655467901448,0.2534253927950714,0.560011023839052,termination_advantage,M9,observable,task_specific,foraging,364,118,6,3,interpretable,15,False,False
0.8980189137668321,0.6915149248070759,0.9489937577574818,0.474787465118364,0.1566941207061653,0.8855311355311355,gru,M18,observable,shared_architecture_task_observation,solvability,313,118,26650,3,flexible,1,True,False
0.8636924039267634,0.9242766529639214,0.9293513401005226,0.4777519134608425,0.15724565735867815,0.8608930751787894,flexible_linear,M16,observable,task_specific,solvability,313,118,75,3,flexible,2,False,False
0.8279366302680722,1.1667299552995753,0.9129852412872622,0.48425792190204286,0.15789322635178782,0.8618742368742369,mlp,M17,observable,shared_architecture_task_observation,solvability,313,118,3738,3,flexible,3,False,False
0.7516727420977848,1.6838613062345231,0.8672113439663584,0.5127580998929561,0.16497971646563697,0.8621140763997907,decomposed_meta_control,M11,observable,task_specific,solvability,313,118,21,3,interpretable,4,False,True
0.6651213680177488,2.270750200534604,0.8158815778807342,0.5784382951349891,0.1934004887714926,0.787611198325484,choice_inertia,M4,observable,task_specific,solvability,313,118,15,3,interpretable,5,False,False
0.6589205046919464,2.312797110357444,0.8123698172822448,0.5758368293249689,0.19352342953947974,0.7904020582592011,finite_history,M5,observable,task_specific,solvability,313,118,24,3,interpretable,6,False,False
0.5416400826677172,3.108054007621693,0.7369997490737387,0.649739912696171,0.21709374714479554,0.7257326007326007,previous_outcome,M2,observable,task_specific,solvability,313,118,9,3,interpretable,7,False,False
0.3720511933610505,4.258004967830956,0.6138208115772694,0.6830538577141799,0.22723994678423112,0.7130865166579452,streak,M3,observable,task_specific,solvability,313,118,12,3,interpretable,8,False,False
0.17839176996832606,5.571173777382687,0.4239573619747219,0.7161959364426863,0.24759153958680785,0.6276382347810919,latent_commitment,M14,observable,task_specific,solvability,313,118,12,3,interpretable,9,False,False
0.17716803535831493,5.579471695928984,0.42755968531927596,0.7198984449493612,0.2569638425255651,0.6289464503750218,sticky_termination,M10,observable,shared_architecture_task_observation,solvability,313,118,9,3,interpretable,10,False,False
0.16910329100433152,5.6341572390186325,0.4196760479504948,0.6847283776126732,0.2412690166015081,0.6991758241758241,time,M1,observable,task_specific,solvability,313,118,9,3,interpretable,11,False,False
0.03649524252394454,6.533347942518941,0.2001847639814517,0.8162189307978722,0.30485037324418374,0.5167669631955346,disengagement_accumulator,M13,observable,task_specific,solvability,313,118,6,3,interpretable,12,False,False
0.03649524252394454,6.533347942518941,0.2001847639814517,0.8162189307978722,0.30485037324418374,0.5167669631955346,generic_latent_value,M15,observable,task_specific,solvability,313,118,6,3,interpretable,13,False,False
0.03649524252394454,6.533347942518941,0.2001847639814517,0.8162189307978722,0.30485037324418374,0.5167669631955346,termination_advantage,M9,observable,task_specific,solvability,313,118,6,3,interpretable,14,False,False
