model,reference,information_set,sharing,delta_mse_reference_minus_model,delta_r_squared_model_minus_reference,delta_log_loss_reference_minus_model
intercept,time,observable,fully_shared,-0.8753813190919013,-0.286048161772892,-0.0681380056432006
intercept,choice_inertia,observable,fully_shared,-0.999522263061384,-0.322977208819675,-0.09135150825093419
time,choice_inertia,observable,fully_shared,-0.12414094396948272,-0.036929047046783015,-0.023213502607733583
previous_outcome,time,observable,fully_shared,-0.09267030137101173,-0.2040963996899688,0.006431467252371648
previous_outcome,choice_inertia,observable,fully_shared,-0.21681124534049445,-0.2410254467367518,-0.016782035355361935
streak,time,observable,fully_shared,0.027887939035637466,-0.1420687769812986,0.011369179282696984
streak,choice_inertia,observable,fully_shared,-0.09625300493384525,-0.17899782402808162,-0.011844323325036599
choice_inertia,time,observable,fully_shared,0.12414094396948272,0.036929047046783015,0.023213502607733583
finite_history,time,observable,fully_shared,0.1281940830177044,0.04005071603932492,0.02245073468863501
finite_history,choice_inertia,observable,fully_shared,0.004053139048221688,0.003121668992541904,-0.0007627679190985726
rescorla_wagner,time,observable,fully_shared,2.671018691226154,0.6113474211883116,0.21886030837038817
rescorla_wagner,choice_inertia,observable,fully_shared,2.5468777472566715,0.5744183741415285,0.19564680576265459
bayesian,time,observable,fully_shared,2.6825620823025815,0.6163208378415619,0.21557660972311565
bayesian,choice_inertia,observable,fully_shared,2.558421138333099,0.5793917907947788,0.19236310711538207
value_history_hybrid,time,observable,fully_shared,3.30141079265758,0.8829489423166004,0.2782157427569389
value_history_hybrid,choice_inertia,observable,fully_shared,3.1772698486880975,0.8460198952698172,0.2550022401492053
termination_advantage,time,observable,fully_shared,-0.027454478411889305,-0.10752085527446126,0.01180348685557342
termination_advantage,choice_inertia,observable,fully_shared,-0.15159542238137202,-0.14444990232124427,-0.011410015752160163
sticky_termination,time,observable,fully_shared,0.46245471893496104,0.08220972837793947,0.05186624611761126
sticky_termination,choice_inertia,observable,fully_shared,0.3383137749654783,0.04528068133115645,0.028652743509877676
decomposed_meta_control,time,observable,fully_shared,0.1446415535562453,-0.0009476193844799585,-0.005436173247115095
decomposed_meta_control,choice_inertia,observable,fully_shared,0.020500609586762586,-0.03787666643126297,-0.028649675854848677
mvt_like_foraging_threshold,time,observable,fully_shared,3.903377949045121,1.0461653043381298,0.12810649081666847
mvt_like_foraging_threshold,choice_inertia,observable,fully_shared,3.7792370050756383,1.0092362572913467,0.10489298820893489
disengagement_accumulator,time,observable,fully_shared,-0.027454478411889305,-0.10752085527446126,0.01180348685557342
disengagement_accumulator,choice_inertia,observable,fully_shared,-0.15159542238137202,-0.14444990232124427,-0.011410015752160163
latent_commitment,time,observable,fully_shared,0.06327943901973221,-0.07341606693574593,0.010310782191077061
latent_commitment,choice_inertia,observable,fully_shared,-0.06086150494975051,-0.11034511398252894,-0.012902720416656521
generic_latent_value,time,observable,fully_shared,-0.027454478411889305,-0.10752085527446126,0.01180348685557342
generic_latent_value,choice_inertia,observable,fully_shared,-0.15159542238137202,-0.14444990232124427,-0.011410015752160163
flexible_linear,time,observable,fully_shared,2.451312700274576,0.8545540133231624,0.18449226480825875
flexible_linear,choice_inertia,observable,fully_shared,2.327171756305093,0.8176249662763793,0.16127876220052517
oracle_policy,time,observable,fully_shared,4.337785071537992,1.3294660067959885,0.300968336663844
oracle_policy,choice_inertia,observable,fully_shared,4.213644127568509,1.2925369597492056,0.2777548340561104
intercept,time,observable,shared_architecture_task_observation,-1.0840832155080204,-0.42712042503389325,-0.08344129451143845
intercept,choice_inertia,observable,shared_architecture_task_observation,-2.434529980527742,-0.6989893407683043,-0.14836309782225998
intercept,gru,observable,shared_architecture_task_observation,-2.398175894761259,-0.7388903189733808,-0.15491773830089905
time,choice_inertia,observable,shared_architecture_task_observation,-1.3504467650197218,-0.27186891573441113,-0.06492180331082154
time,gru,observable,shared_architecture_task_observation,-1.3140926792532384,-0.31176989393948756,-0.07147644378946061
previous_outcome,time,observable,shared_architecture_task_observation,0.6271129111238365,0.03742559615624863,-8.915596763070521e-05
previous_outcome,choice_inertia,observable,shared_architecture_task_observation,-0.7233338538958853,-0.2344433195781625,-0.06501095927845224
previous_outcome,gru,observable,shared_architecture_task_observation,-0.6869797681294019,-0.27434429778323893,-0.07156559975709131
streak,time,observable,shared_architecture_task_observation,0.3771328729613588,0.03557534730734552,-0.0014531666850715608
streak,choice_inertia,observable,shared_architecture_task_observation,-0.973313892058363,-0.23629356842706561,-0.0663749699958931
streak,gru,observable,shared_architecture_task_observation,-0.9369598062918796,-0.27619454663214205,-0.07292961047453217
choice_inertia,time,observable,shared_architecture_task_observation,1.3504467650197218,0.27186891573441113,0.06492180331082154
choice_inertia,gru,observable,shared_architecture_task_observation,0.03635408576648347,-0.03990097820507643,-0.006554640478639073
finite_history,time,observable,shared_architecture_task_observation,1.3522504748228965,0.27666764906208957,0.06395094335028584
finite_history,choice_inertia,observable,shared_architecture_task_observation,0.00180370980317468,0.004798733327678439,-0.0009708599605356971
finite_history,gru,observable,shared_architecture_task_observation,0.03815779556965815,-0.03510224487739799,-0.00752550043917477
rescorla_wagner,time,observable,shared_architecture_task_observation,0.797766986824783,-0.14340232481024412,0.06902720996907474
rescorla_wagner,choice_inertia,observable,shared_architecture_task_observation,-0.5526797781949389,-0.41527124054465525,0.004105406658253208
rescorla_wagner,gru,observable,shared_architecture_task_observation,-0.5163256924284554,-0.4551722187497317,-0.0024492338203858655
bayesian,time,observable,shared_architecture_task_observation,0.8093103779012105,-0.13842890815699388,0.06574351132180223
bayesian,choice_inertia,observable,shared_architecture_task_observation,-0.5411363871185113,-0.410297823891405,0.0008217080109806929
bayesian,gru,observable,shared_architecture_task_observation,-0.5047823013520278,-0.45019880209648144,-0.00573293246765838
value_history_hybrid,time,observable,shared_architecture_task_observation,1.428159088256209,0.1281991963180446,0.12838264435562546
value_history_hybrid,choice_inertia,observable,shared_architecture_task_observation,0.07771232323648714,-0.14366971941636653,0.06346084104480393
value_history_hybrid,gru,observable,shared_architecture_task_observation,0.1140664090029706,-0.18357069762144296,0.056906200566164855
termination_advantage,time,observable,shared_architecture_task_observation,-0.922571585577403,-0.372674006922039,-0.08435328031124056
termination_advantage,choice_inertia,observable,shared_architecture_task_observation,-2.273018350597125,-0.6445429226564502,-0.1492750836220621
termination_advantage,gru,observable,shared_architecture_task_observation,-2.236664264830641,-0.6844439008615266,-0.15582972410070117
sticky_termination,time,observable,shared_architecture_task_observation,-0.1678669440725966,-0.0655354928679639,-0.020282692353434384
sticky_termination,choice_inertia,observable,shared_architecture_task_observation,-1.5183137090923184,-0.337404408602375,-0.08520449566425592
sticky_termination,gru,observable,shared_architecture_task_observation,-1.481959623325835,-0.37730538680745146,-0.09175913614289499
decomposed_meta_control,time,observable,shared_architecture_task_observation,1.1709421071910735,0.13895233838843263,0.05423125426667863
decomposed_meta_control,choice_inertia,observable,shared_architecture_task_observation,-0.17950465782864833,-0.1329165773459785,-0.010690549044142905
decomposed_meta_control,gru,observable,shared_architecture_task_observation,-0.14315057206216486,-0.17281755555105494,-0.01724518952278198
mvt_like_foraging_threshold,time,observable,shared_architecture_task_observation,2.03012624464375,0.29141555833957405,-0.021726607584644952
mvt_like_foraging_threshold,choice_inertia,observable,shared_architecture_task_observation,0.6796794796240282,0.019546642605162923,-0.08664841089546649
mvt_like_foraging_threshold,gru,observable,shared_architecture_task_observation,0.7160335653905117,-0.02035433559991351,-0.09320305137410556
disengagement_accumulator,time,observable,shared_architecture_task_observation,-0.922571585577403,-0.372674006922039,-0.08435328031124056
disengagement_accumulator,choice_inertia,observable,shared_architecture_task_observation,-2.273018350597125,-0.6445429226564502,-0.1492750836220621
disengagement_accumulator,gru,observable,shared_architecture_task_observation,-2.236664264830641,-0.6844439008615266,-0.15582972410070117
latent_commitment,time,observable,shared_architecture_task_observation,-0.5067348948395787,-0.28102213712288054,-0.04544602067347836
latent_commitment,choice_inertia,observable,shared_architecture_task_observation,-1.8571816598593005,-0.5528910528572917,-0.1103678239842999
latent_commitment,gru,observable,shared_architecture_task_observation,-1.820827574092817,-0.5927920310623681,-0.11692246446293897
generic_latent_value,time,observable,shared_architecture_task_observation,-0.922571585577403,-0.372674006922039,-0.08435328031124056
generic_latent_value,choice_inertia,observable,shared_architecture_task_observation,-2.273018350597125,-0.6445429226564502,-0.1492750836220621
generic_latent_value,gru,observable,shared_architecture_task_observation,-2.236664264830641,-0.6844439008615266,-0.15582972410070117
flexible_linear,time,observable,shared_architecture_task_observation,1.9318419364651715,0.41473178955806284,0.10162870215391373
flexible_linear,choice_inertia,observable,shared_architecture_task_observation,0.5813951714454496,0.1428628738236517,0.036706898843092195
flexible_linear,gru,observable,shared_architecture_task_observation,0.6177492572119331,0.10296189561857527,0.03015225836445312
oracle_policy,time,observable,shared_architecture_task_observation,2.4645333671366205,0.5747162607974328,0.15113523826253056
oracle_policy,choice_inertia,observable,shared_architecture_task_observation,1.1140866021168987,0.3028473450630217,0.08621343495170902
oracle_policy,gru,observable,shared_architecture_task_observation,1.1504406878833822,0.26294636685794526,0.07965879447306995
mlp,time,observable,shared_architecture_task_observation,1.0685443329625681,0.2602794380235191,0.059347867453362735
mlp,choice_inertia,observable,shared_architecture_task_observation,-0.2819024320571537,-0.011589477710892027,-0.0055739358574588005
mlp,gru,observable,shared_architecture_task_observation,-0.24554834629067024,-0.05149045591596846,-0.012128576336097874
gru,time,observable,shared_architecture_task_observation,1.3140926792532384,0.31176989393948756,0.07147644378946061
gru,choice_inertia,observable,shared_architecture_task_observation,-0.03635408576648347,0.03990097820507643,0.006554640478639073
intercept,time,observable,task_specific,-1.0840832155080204,-0.42712042503389325,-0.08344129451143845
intercept,choice_inertia,observable,task_specific,-2.434529980527742,-0.6989893407683043,-0.14836309782225998
time,choice_inertia,observable,task_specific,-1.3504467650197218,-0.27186891573441113,-0.06492180331082154
previous_outcome,time,observable,task_specific,0.6271129111238365,0.03742559615624863,-8.915596763070521e-05
previous_outcome,choice_inertia,observable,task_specific,-0.7233338538958853,-0.2344433195781625,-0.06501095927845224
streak,time,observable,task_specific,0.3771328729613588,0.03557534730734552,-0.0014531666850715608
streak,choice_inertia,observable,task_specific,-0.973313892058363,-0.23629356842706561,-0.0663749699958931
choice_inertia,time,observable,task_specific,1.3504467650197218,0.27186891573441113,0.06492180331082154
finite_history,time,observable,task_specific,1.3568790245630746,0.27861622697017946,0.06439607653246537
finite_history,choice_inertia,observable,task_specific,0.006432259543352803,0.006747311235768327,-0.0005257267783561614
rescorla_wagner,time,observable,task_specific,0.797766986824783,-0.14340232481024412,0.06902720996907474
rescorla_wagner,choice_inertia,observable,task_specific,-0.5526797781949389,-0.41527124054465525,0.004105406658253208
bayesian,time,observable,task_specific,0.8093103779012105,-0.13842890815699388,0.06574351132180223
bayesian,choice_inertia,observable,task_specific,-0.5411363871185113,-0.410297823891405,0.0008217080109806929
value_history_hybrid,time,observable,task_specific,1.428159088256209,0.1281991963180446,0.12838264435562546
value_history_hybrid,choice_inertia,observable,task_specific,0.07771232323648714,-0.14366971941636653,0.06346084104480393
termination_advantage,time,observable,task_specific,-0.922571585577403,-0.372674006922039,-0.08435328031124056
termination_advantage,choice_inertia,observable,task_specific,-2.273018350597125,-0.6445429226564502,-0.1492750836220621
sticky_termination,time,observable,task_specific,-0.1755807472820914,-0.06005526435427988,-0.019900916478378217
sticky_termination,choice_inertia,observable,task_specific,-1.5260275123018132,-0.331924180088691,-0.08482271978919975
decomposed_meta_control,time,observable,task_specific,1.1709421071910735,0.13895233838843263,0.05423125426667863
decomposed_meta_control,choice_inertia,observable,task_specific,-0.17950465782864833,-0.1329165773459785,-0.010690549044142905
mvt_like_foraging_threshold,time,observable,task_specific,2.03012624464375,0.29141555833957405,-0.021726607584644952
mvt_like_foraging_threshold,choice_inertia,observable,task_specific,0.6796794796240282,0.019546642605162923,-0.08664841089546649
disengagement_accumulator,time,observable,task_specific,-0.8455778550464839,-0.3395016142444416,-0.08112027780696729
disengagement_accumulator,choice_inertia,observable,task_specific,-2.196024620066206,-0.6113705299788527,-0.14604208111778882
latent_commitment,time,observable,task_specific,-0.4252204688678942,-0.2371814516083955,-0.04546778613922686
latent_commitment,choice_inertia,observable,task_specific,-1.775667233887616,-0.5090503673428066,-0.1103895894500484
generic_latent_value,time,observable,task_specific,-0.8455778550464839,-0.3395016142444416,-0.08112027780696729
generic_latent_value,choice_inertia,observable,task_specific,-2.196024620066206,-0.6113705299788527,-0.14604208111778882
flexible_linear,time,observable,task_specific,1.9318419364651715,0.41473178955806284,0.10162870215391373
flexible_linear,choice_inertia,observable,task_specific,0.5813951714454496,0.1428628738236517,0.036706898843092195
oracle_policy,time,observable,task_specific,2.4645333671366205,0.5747162607974328,0.15113523826253056
oracle_policy,choice_inertia,observable,task_specific,1.1140866021168987,0.3028473450630217,0.08621343495170902
intercept,time,oracle,fully_shared,-0.8753813190919013,-0.286048161772892,-0.0681380056432006
intercept,choice_inertia,oracle,fully_shared,-0.999522263061384,-0.322977208819675,-0.09135150825093419
time,choice_inertia,oracle,fully_shared,-0.12414094396948272,-0.036929047046783015,-0.023213502607733583
previous_outcome,time,oracle,fully_shared,-0.09267030137101173,-0.2040963996899688,0.006431467252371648
previous_outcome,choice_inertia,oracle,fully_shared,-0.21681124534049445,-0.2410254467367518,-0.016782035355361935
streak,time,oracle,fully_shared,0.027887939035637466,-0.1420687769812986,0.011369179282696984
streak,choice_inertia,oracle,fully_shared,-0.09625300493384525,-0.17899782402808162,-0.011844323325036599
choice_inertia,time,oracle,fully_shared,0.12414094396948272,0.036929047046783015,0.023213502607733583
finite_history,time,oracle,fully_shared,0.1281940830177044,0.04005071603932492,0.02245073468863501
finite_history,choice_inertia,oracle,fully_shared,0.004053139048221688,0.003121668992541904,-0.0007627679190985726
rescorla_wagner,time,oracle,fully_shared,2.671018691226154,0.6113474211883116,0.21886030837038817
rescorla_wagner,choice_inertia,oracle,fully_shared,2.5468777472566715,0.5744183741415285,0.19564680576265459
bayesian,time,oracle,fully_shared,2.6825620823025815,0.6163208378415619,0.21557660972311565
bayesian,choice_inertia,oracle,fully_shared,2.558421138333099,0.5793917907947788,0.19236310711538207
value_history_hybrid,time,oracle,fully_shared,3.30141079265758,0.8829489423166004,0.2782157427569389
value_history_hybrid,choice_inertia,oracle,fully_shared,3.1772698486880975,0.8460198952698172,0.2550022401492053
termination_advantage,time,oracle,fully_shared,-0.059072339148532826,-0.07313839922787402,0.006952688130153151
termination_advantage,choice_inertia,oracle,fully_shared,-0.18321328311801555,-0.11006744627465703,-0.016260814477580432
sticky_termination,time,oracle,fully_shared,0.4915345576528085,0.13108319758939938,0.05229394816901234
sticky_termination,choice_inertia,oracle,fully_shared,0.3673936136833258,0.09415415054261636,0.029080445561278756
decomposed_meta_control,time,oracle,fully_shared,0.1816986808397525,0.019333836416410066,-0.005197824850504573
decomposed_meta_control,choice_inertia,oracle,fully_shared,0.05755773687026977,-0.01759521063037295,-0.028411327458238156
mvt_like_foraging_threshold,time,oracle,fully_shared,3.903377949045121,1.0461653043381298,0.12810649081666847
mvt_like_foraging_threshold,choice_inertia,oracle,fully_shared,3.7792370050756383,1.0092362572913467,0.10489298820893489
disengagement_accumulator,time,oracle,fully_shared,-0.059072339148532826,-0.07313839922787402,0.006952688130153151
disengagement_accumulator,choice_inertia,oracle,fully_shared,-0.18321328311801555,-0.11006744627465703,-0.016260814477580432
latent_commitment,time,oracle,fully_shared,0.09469420356021097,-0.03453159170696107,0.010824088780133634
latent_commitment,choice_inertia,oracle,fully_shared,-0.029446740409271754,-0.07146063875374409,-0.012389413827599949
generic_latent_value,time,oracle,fully_shared,-0.059072339148532826,-0.07313839922787402,0.006952688130153151
generic_latent_value,choice_inertia,oracle,fully_shared,-0.18321328311801555,-0.11006744627465703,-0.016260814477580432
flexible_linear,time,oracle,fully_shared,2.350377027349678,0.838208226029743,0.17958967765552913
flexible_linear,choice_inertia,oracle,fully_shared,2.2262360833801953,0.8012791789829599,0.15637617504779555
oracle_policy,time,oracle,fully_shared,4.337785071537992,1.3294660067959885,0.300968336663844
oracle_policy,choice_inertia,oracle,fully_shared,4.213644127568509,1.2925369597492056,0.2777548340561104
intercept,time,oracle,shared_architecture_task_observation,-1.0840832155080204,-0.42712042503389325,-0.08344129451143845
intercept,choice_inertia,oracle,shared_architecture_task_observation,-2.434529980527742,-0.6989893407683043,-0.14836309782225998
intercept,gru,oracle,shared_architecture_task_observation,-2.349138856409864,-0.7189924838522583,-0.16475852430817983
time,choice_inertia,oracle,shared_architecture_task_observation,-1.3504467650197218,-0.27186891573441113,-0.06492180331082154
time,gru,oracle,shared_architecture_task_observation,-1.2650556409018434,-0.29187205881836514,-0.08131722979674139
previous_outcome,time,oracle,shared_architecture_task_observation,0.6271129111238365,0.03742559615624863,-8.915596763070521e-05
previous_outcome,choice_inertia,oracle,shared_architecture_task_observation,-0.7233338538958853,-0.2344433195781625,-0.06501095927845224
previous_outcome,gru,oracle,shared_architecture_task_observation,-0.6379427297780069,-0.2544464626621165,-0.08140638576437209
streak,time,oracle,shared_architecture_task_observation,0.3771328729613588,0.03557534730734552,-0.0014531666850715608
streak,choice_inertia,oracle,shared_architecture_task_observation,-0.973313892058363,-0.23629356842706561,-0.0663749699958931
streak,gru,oracle,shared_architecture_task_observation,-0.8879227679404846,-0.2562967115110196,-0.08277039648181295
choice_inertia,time,oracle,shared_architecture_task_observation,1.3504467650197218,0.27186891573441113,0.06492180331082154
choice_inertia,gru,oracle,shared_architecture_task_observation,0.08539112411787841,-0.02000314308395401,-0.01639542648591985
finite_history,time,oracle,shared_architecture_task_observation,1.3522504748228965,0.27666764906208957,0.06395094335028584
finite_history,choice_inertia,oracle,shared_architecture_task_observation,0.00180370980317468,0.004798733327678439,-0.0009708599605356971
finite_history,gru,oracle,shared_architecture_task_observation,0.0871948339210531,-0.015204409756275572,-0.017366286446455548
rescorla_wagner,time,oracle,shared_architecture_task_observation,0.797766986824783,-0.14340232481024412,0.06902720996907474
rescorla_wagner,choice_inertia,oracle,shared_architecture_task_observation,-0.5526797781949389,-0.41527124054465525,0.004105406658253208
rescorla_wagner,gru,oracle,shared_architecture_task_observation,-0.46728865407706044,-0.43527438362860926,-0.012290019827666643
bayesian,time,oracle,shared_architecture_task_observation,0.8093103779012105,-0.13842890815699388,0.06574351132180223
bayesian,choice_inertia,oracle,shared_architecture_task_observation,-0.5411363871185113,-0.410297823891405,0.0008217080109806929
bayesian,gru,oracle,shared_architecture_task_observation,-0.4557452630006329,-0.430300966975359,-0.015573718474939158
value_history_hybrid,time,oracle,shared_architecture_task_observation,1.428159088256209,0.1281991963180446,0.12838264435562546
value_history_hybrid,choice_inertia,oracle,shared_architecture_task_observation,0.07771232323648714,-0.14366971941636653,0.06346084104480393
value_history_hybrid,gru,oracle,shared_architecture_task_observation,0.16310344735436555,-0.16367286250032054,0.04706541455888408
termination_advantage,time,oracle,shared_architecture_task_observation,-0.8972478904571153,-0.3450512175967821,-0.08337329962108653
termination_advantage,choice_inertia,oracle,shared_architecture_task_observation,-2.2476946554768373,-0.6169201333311932,-0.14829510293190806
termination_advantage,gru,oracle,shared_architecture_task_observation,-2.1623035313589587,-0.6369232764151472,-0.1646905294178279
sticky_termination,time,oracle,shared_architecture_task_observation,-0.23979221729517608,-0.09323867234822414,-0.0286003096650026
sticky_termination,choice_inertia,oracle,shared_architecture_task_observation,-1.590238982314898,-0.36510758808263527,-0.09352211297582413
sticky_termination,gru,oracle,shared_architecture_task_observation,-1.5048478581970195,-0.3851107311665893,-0.10991753946174398
decomposed_meta_control,time,oracle,shared_architecture_task_observation,1.0637534999790481,0.12931820627275842,0.045624112637407066
decomposed_meta_control,choice_inertia,oracle,shared_architecture_task_observation,-0.2866932650406737,-0.1425507094616527,-0.01929769067341447
decomposed_meta_control,gru,oracle,shared_architecture_task_observation,-0.2013021409227953,-0.16255385254560673,-0.03569311715933432
mvt_like_foraging_threshold,time,oracle,shared_architecture_task_observation,2.03012624464375,0.29141555833957405,-0.021726607584644952
mvt_like_foraging_threshold,choice_inertia,oracle,shared_architecture_task_observation,0.6796794796240282,0.019546642605162923,-0.08664841089546649
mvt_like_foraging_threshold,gru,oracle,shared_architecture_task_observation,0.7650706037419066,-0.0004565004787910887,-0.10304383738138634
disengagement_accumulator,time,oracle,shared_architecture_task_observation,-0.8972478904571153,-0.3450512175967821,-0.08337329962108653
disengagement_accumulator,choice_inertia,oracle,shared_architecture_task_observation,-2.2476946554768373,-0.6169201333311932,-0.14829510293190806
disengagement_accumulator,gru,oracle,shared_architecture_task_observation,-2.1623035313589587,-0.6369232764151472,-0.1646905294178279
latent_commitment,time,oracle,shared_architecture_task_observation,-0.46081536365825926,-0.2478999348840381,-0.039502734855717314
latent_commitment,choice_inertia,oracle,shared_architecture_task_observation,-1.811262128677981,-0.5197688506184492,-0.10442453816653885
latent_commitment,gru,oracle,shared_architecture_task_observation,-1.7258710045601027,-0.5397719937024033,-0.1208199646524587
generic_latent_value,time,oracle,shared_architecture_task_observation,-0.8972478904571153,-0.3450512175967821,-0.08337329962108653
generic_latent_value,choice_inertia,oracle,shared_architecture_task_observation,-2.2476946554768373,-0.6169201333311932,-0.14829510293190806
generic_latent_value,gru,oracle,shared_architecture_task_observation,-2.1623035313589587,-0.6369232764151472,-0.1646905294178279
flexible_linear,time,oracle,shared_architecture_task_observation,1.88925778275676,0.39109571943546256,0.10357724689720471
flexible_linear,choice_inertia,oracle,shared_architecture_task_observation,0.5388110177370381,0.11922680370105143,0.038655443586383176
flexible_linear,gru,oracle,shared_architecture_task_observation,0.6242021418549165,0.09922366061709742,0.022260017100463325
oracle_policy,time,oracle,shared_architecture_task_observation,2.4645333671366205,0.5747162607974328,0.15113523826253056
oracle_policy,choice_inertia,oracle,shared_architecture_task_observation,1.1140866021168987,0.3028473450630217,0.08621343495170902
oracle_policy,gru,oracle,shared_architecture_task_observation,1.199477726234777,0.2828442019790677,0.06981800846578917
mlp,time,oracle,shared_architecture_task_observation,1.2087394595830054,0.2667494767108169,0.07367180155515496
mlp,choice_inertia,oracle,shared_architecture_task_observation,-0.1417073054367164,-0.005119439023594241,0.008749998244333423
mlp,gru,oracle,shared_architecture_task_observation,-0.05631618131883798,-0.025122582107548252,-0.007645428241586427
gru,time,oracle,shared_architecture_task_observation,1.2650556409018434,0.29187205881836514,0.08131722979674139
gru,choice_inertia,oracle,shared_architecture_task_observation,-0.08539112411787841,0.02000314308395401,0.01639542648591985
intercept,time,oracle,task_specific,-1.0840832155080204,-0.42712042503389325,-0.08344129451143845
intercept,choice_inertia,oracle,task_specific,-2.434529980527742,-0.6989893407683043,-0.14836309782225998
time,choice_inertia,oracle,task_specific,-1.3504467650197218,-0.27186891573441113,-0.06492180331082154
previous_outcome,time,oracle,task_specific,0.6271129111238365,0.03742559615624863,-8.915596763070521e-05
previous_outcome,choice_inertia,oracle,task_specific,-0.7233338538958853,-0.2344433195781625,-0.06501095927845224
streak,time,oracle,task_specific,0.3771328729613588,0.03557534730734552,-0.0014531666850715608
streak,choice_inertia,oracle,task_specific,-0.973313892058363,-0.23629356842706561,-0.0663749699958931
choice_inertia,time,oracle,task_specific,1.3504467650197218,0.27186891573441113,0.06492180331082154
finite_history,time,oracle,task_specific,1.3568790245630746,0.27861622697017946,0.06439607653246537
finite_history,choice_inertia,oracle,task_specific,0.006432259543352803,0.006747311235768327,-0.0005257267783561614
rescorla_wagner,time,oracle,task_specific,0.797766986824783,-0.14340232481024412,0.06902720996907474
rescorla_wagner,choice_inertia,oracle,task_specific,-0.5526797781949389,-0.41527124054465525,0.004105406658253208
bayesian,time,oracle,task_specific,0.8093103779012105,-0.13842890815699388,0.06574351132180223
bayesian,choice_inertia,oracle,task_specific,-0.5411363871185113,-0.410297823891405,0.0008217080109806929
value_history_hybrid,time,oracle,task_specific,1.428159088256209,0.1281991963180446,0.12838264435562546
value_history_hybrid,choice_inertia,oracle,task_specific,0.07771232323648714,-0.14366971941636653,0.06346084104480393
termination_advantage,time,oracle,task_specific,-0.8972478904571153,-0.3450512175967821,-0.08337329962108653
termination_advantage,choice_inertia,oracle,task_specific,-2.2476946554768373,-0.6169201333311932,-0.14829510293190806
sticky_termination,time,oracle,task_specific,-0.23131731831144542,-0.08382985351294303,-0.0240473239584178
sticky_termination,choice_inertia,oracle,task_specific,-1.5817640833311672,-0.35569876924735416,-0.08896912726923933
decomposed_meta_control,time,oracle,task_specific,1.0637534999790481,0.12931820627275842,0.045624112637407066
decomposed_meta_control,choice_inertia,oracle,task_specific,-0.2866932650406737,-0.1425507094616527,-0.01929769067341447
mvt_like_foraging_threshold,time,oracle,task_specific,2.03012624464375,0.29141555833957405,-0.021726607584644952
mvt_like_foraging_threshold,choice_inertia,oracle,task_specific,0.6796794796240282,0.019546642605162923,-0.08664841089546649
disengagement_accumulator,time,oracle,task_specific,-0.7901332664126901,-0.29890137726805527,-0.07570724128918271
disengagement_accumulator,choice_inertia,oracle,task_specific,-2.140580031432412,-0.5707702930024664,-0.14062904460000425
latent_commitment,time,oracle,task_specific,-0.4139159330343074,-0.22769353212519636,-0.039761150083862384
latent_commitment,choice_inertia,oracle,task_specific,-1.7643626980540292,-0.49956244785960746,-0.10468295339468392
generic_latent_value,time,oracle,task_specific,-0.7901332664126901,-0.29890137726805527,-0.07570724128918271
generic_latent_value,choice_inertia,oracle,task_specific,-2.140580031432412,-0.5707702930024664,-0.14062904460000425
flexible_linear,time,oracle,task_specific,1.88925778275676,0.39109571943546256,0.10357724689720471
flexible_linear,choice_inertia,oracle,task_specific,0.5388110177370381,0.11922680370105143,0.038655443586383176
oracle_policy,time,oracle,task_specific,2.4645333671366205,0.5747162607974328,0.15113523826253056
oracle_policy,choice_inertia,oracle,task_specific,1.1140866021168987,0.3028473450630217,0.08621343495170902
