r_squared,mse,pearson_r,log_loss,brier,auc,model,code,information_set,sharing,task,states,episodes
-0.002015861354095705,2.3256971532507293,1.7101033262022243e-16,0.6157860788809038,0.16529656330525647,0.5,intercept,M0,observable,task_specific,bandit,1800,78
-0.0033796603946789627,1.5385605021744098,0.0,0.7223927703387848,0.2615047896388181,0.5,intercept,M0,observable,task_specific,foraging,364,118
-0.0001145357452034812,6.781592092508784,0.0,0.7768774237007995,0.29127618235619696,0.5,intercept,M0,observable,task_specific,solvability,313,118
0.5051679021328982,1.148514355642441,0.711291945118427,0.5189482246478496,0.1540697023961778,0.8198921721456193,time,M1,observable,task_specific,bandit,1800,78
0.6015800244704718,0.6109285067487877,0.7758849839183107,0.6610557871256496,0.22916963484035027,0.7286585365853658,time,M1,observable,task_specific,foraging,364,118
0.16910329100433152,5.6341572390186325,0.4196760479504948,0.6847283776126732,0.2412690166015081,0.6991758241758241,time,M1,observable,task_specific,solvability,313,118
0.19323929113386384,1.8725063707364475,0.4428386197750916,0.5655642023695684,0.16003063477089152,0.7844648655166178,previous_outcome,M2,observable,task_specific,bandit,1800,78
0.6532486322748663,0.5317009896802112,0.8088966274725127,0.6496957422233252,0.2252172776965906,0.760334849111203,previous_outcome,M2,observable,task_specific,foraging,364,118
0.5416400826677172,3.108054007621693,0.7369997490737387,0.649739912696171,0.21709374714479554,0.7257326007326007,previous_outcome,M2,observable,task_specific,solvability,313,118
0.38174966960690826,1.4349703321546716,0.6285798668215795,0.5343722006029771,0.15568103432667102,0.8095830713713602,streak,M3,observable,task_specific,bandit,1800,78
0.6287763965617794,0.5692261825401573,0.7931336543188257,0.6516658311242303,0.22573360328749292,0.7521186440677966,streak,M3,observable,task_specific,foraging,364,118
0.3720511933610505,4.258004967830956,0.6138208115772694,0.6830538577141799,0.22723994678423112,0.7130865166579452,streak,M3,observable,task_specific,solvability,313,118
0.7564031501663798,0.565392746810714,0.869840569523902,0.4446809340742921,0.13653726626133705,0.8487395681718356,choice_inertia,M4,observable,task_specific,bandit,1800,78
0.6699334466268061,0.5061168590053781,0.8187659495574878,0.6468477502444268,0.22250366256930107,0.7473129392310872,choice_inertia,M4,observable,task_specific,foraging,364,118
0.6651213680177488,2.270750200534604,0.8158815778807342,0.5784382951349891,0.1934004887714926,0.787611198325484,choice_inertia,M4,observable,task_specific,solvability,313,118
0.78280718911548,0.5041084891590849,0.8847736155540976,0.4492572801196486,0.1372872202179597,0.851099379042468,finite_history,M5,observable,task_specific,bandit,1800,78
0.6699722047108136,0.5060574282041094,0.8187832546797396,0.6464500503441589,0.22232154471920057,0.7486392448670249,finite_history,M5,observable,task_specific,foraging,364,118
0.6589205046919464,2.312797110357444,0.8123698172822448,0.5758368293249689,0.19352342953947974,0.7904020582592011,finite_history,M5,observable,task_specific,solvability,313,118
0.28188141439232306,1.6667663803118375,0.5330824989454779,0.5525502531596495,0.15775306050008767,0.7951959762640921,rescorla_wagner,M6,observable,task_specific,bandit,1800,78
0.2868548310455733,1.65522298923541,0.5373880415745621,0.555833951806922,0.15778211859562347,0.7901835312761065,bayesian,M7,observable,task_specific,bandit,1800,78
0.5534829355206118,1.0363742788804116,0.7453475629456049,0.49319481877309873,0.1462488027677183,0.8237677739404535,value_history_hybrid,M8,observable,task_specific,bandit,1800,78
0.051265483073090534,2.202030177671898,0.22867304209948125,0.5944077527318775,0.16264931000852872,0.6307283547639758,termination_advantage,M9,observable,task_specific,bandit,1800,78
0.0700684712445494,1.425936737951231,0.2703974200123928,0.7071655467901448,0.2534253927950714,0.560011023839052,termination_advantage,M9,observable,task_specific,foraging,364,118
0.03649524252394454,6.533347942518941,0.2001847639814517,0.8162189307978722,0.30485037324418374,0.5167669631955346,termination_advantage,M9,observable,task_specific,solvability,313,118
0.19481297775447548,1.8688538152881542,0.4417651961491744,0.5655864979193453,0.1582562111913045,0.6236575346005115,sticky_termination,M10,observable,task_specific,bandit,1800,78
0.7329186614124252,0.4095367034419226,0.8583384922569132,0.6400743242876307,0.22156058049349822,0.7461588810803362,sticky_termination,M10,observable,task_specific,foraging,364,118
0.16795378537796135,5.64195182452606,0.41469085721280574,0.7187743166143312,0.2560247714560617,0.6211843711843712,sticky_termination,M10,observable,task_specific,solvability,313,118
0.27235881293570796,1.6888685125767526,0.5239117514665144,0.5517301977339416,0.15681465699929847,0.7088734056204838,decomposed_meta_control,M11,observable,task_specific,bandit,1800,78
0.6686766777395067,0.5080439610253651,0.8179991943461125,0.6375503289592389,0.22082454627903686,0.731638418079096,decomposed_meta_control,M11,observable,task_specific,foraging,364,118
0.7516727420977848,1.6838613062345231,0.8672113439663584,0.5127580998929561,0.16497971646563697,0.8621140763997907,decomposed_meta_control,M11,observable,task_specific,solvability,313,118
0.7166992975421412,0.43440712249287056,0.8499489950747828,0.6433040707133691,0.2231793535620614,0.7496038307840706,mvt_like_foraging_threshold,M12,observable,task_specific,foraging,364,118
0.1507826611058829,1.9710489860791414,0.391408779604269,0.5847087452190571,0.1625912412413727,0.7390040564632119,disengagement_accumulator,M13,observable,task_specific,bandit,1800,78
0.0700684712445494,1.425936737951231,0.2703974200123928,0.7071655467901448,0.2534253927950714,0.560011023839052,disengagement_accumulator,M13,observable,task_specific,foraging,364,118
0.03649524252394454,6.533347942518941,0.2001847639814517,0.8162189307978722,0.30485037324418374,0.5167669631955346,disengagement_accumulator,M13,observable,task_specific,solvability,313,118
0.20892154230701554,1.836107578744598,0.45747422813960764,0.5758151522247466,0.1615315889234338,0.7641394872148203,latent_commitment,M14,observable,task_specific,bandit,1800,78
0.17699355050717347,1.2619801518862601,0.42334709579635266,0.7091246591364201,0.2534532899425393,0.6128565522943366,latent_commitment,M14,observable,task_specific,foraging,364,118
0.17839176996832606,5.571173777382687,0.4239573619747219,0.7161959364426863,0.24759153958680785,0.6276382347810919,latent_commitment,M14,observable,task_specific,solvability,313,118
0.1507826611058829,1.9710489860791414,0.391408779604269,0.5847087452190571,0.1625912412413727,0.7390040564632119,generic_latent_value,M15,observable,task_specific,bandit,1800,78
0.0700684712445494,1.425936737951231,0.2703974200123928,0.7071655467901448,0.2534253927950714,0.560011023839052,generic_latent_value,M15,observable,task_specific,foraging,364,118
0.03649524252394454,6.533347942518941,0.2001847639814517,0.8162189307978722,0.30485037324418374,0.5167669631955346,generic_latent_value,M15,observable,task_specific,solvability,313,118
0.8135460185049128,0.43276310355944436,0.9025979221171451,0.44066290420718685,0.1344268276590357,0.8604352731438021,flexible_linear,M16,observable,task_specific,bandit,1800,78
0.8428081638502132,0.2410345354909848,0.918943065332444,0.6414314652564004,0.22080829165135749,0.7416287722199256,flexible_linear,M16,observable,task_specific,foraging,364,118
0.8636924039267639,0.9242766529639179,0.9293513401005229,0.4777519134608441,0.15724565735867854,0.8608930751787894,flexible_linear,M16,observable,task_specific,solvability,313,118
1.0,0.0,1.0,0.38808249446187804,0.11702814500208379,0.8869099396267365,oracle_policy,CEILING,observable,task_specific,bandit,1800,78
1.0,0.0,1.0,0.6262113436157409,0.21412913978857978,0.7687577511368334,oracle_policy,CEILING,observable,task_specific,foraging,364,118
1.0,0.0,1.0,0.3970328365209619,0.1261782985277781,0.9150968079539508,oracle_policy,CEILING,observable,task_specific,solvability,313,118
-0.002015861354095705,2.3256971532507293,1.7101033262022243e-16,0.6157860788809038,0.16529656330525647,0.5,intercept,M0,observable,shared_architecture_task_observation,bandit,1800,78
-0.0033796603946789627,1.5385605021744098,0.0,0.7223927703387848,0.2615047896388181,0.5,intercept,M0,observable,shared_architecture_task_observation,foraging,364,118
-0.0001145357452034812,6.781592092508784,0.0,0.7768774237007995,0.29127618235619696,0.5,intercept,M0,observable,shared_architecture_task_observation,solvability,313,118
0.5051679021328982,1.148514355642441,0.711291945118427,0.5189482246478496,0.1540697023961778,0.8198921721456193,time,M1,observable,shared_architecture_task_observation,bandit,1800,78
0.6015800244704718,0.6109285067487877,0.7758849839183107,0.6610557871256496,0.22916963484035027,0.7286585365853658,time,M1,observable,shared_architecture_task_observation,foraging,364,118
0.16910329100433152,5.6341572390186325,0.4196760479504948,0.6847283776126732,0.2412690166015081,0.6991758241758241,time,M1,observable,shared_architecture_task_observation,solvability,313,118
0.19323929113386384,1.8725063707364475,0.4428386197750916,0.5655642023695684,0.16003063477089152,0.7844648655166178,previous_outcome,M2,observable,shared_architecture_task_observation,bandit,1800,78
0.6532486322748663,0.5317009896802112,0.8088966274725127,0.6496957422233252,0.2252172776965906,0.760334849111203,previous_outcome,M2,observable,shared_architecture_task_observation,foraging,364,118
0.5416400826677172,3.108054007621693,0.7369997490737387,0.649739912696171,0.21709374714479554,0.7257326007326007,previous_outcome,M2,observable,shared_architecture_task_observation,solvability,313,118
0.38174966960690826,1.4349703321546716,0.6285798668215795,0.5343722006029771,0.15568103432667102,0.8095830713713602,streak,M3,observable,shared_architecture_task_observation,bandit,1800,78
0.6287763965617794,0.5692261825401573,0.7931336543188257,0.6516658311242303,0.22573360328749292,0.7521186440677966,streak,M3,observable,shared_architecture_task_observation,foraging,364,118
0.3720511933610505,4.258004967830956,0.6138208115772694,0.6830538577141799,0.22723994678423112,0.7130865166579452,streak,M3,observable,shared_architecture_task_observation,solvability,313,118
0.7564031501663798,0.565392746810714,0.869840569523902,0.4446809340742921,0.13653726626133705,0.8487395681718356,choice_inertia,M4,observable,shared_architecture_task_observation,bandit,1800,78
0.6699334466268061,0.5061168590053781,0.8187659495574878,0.6468477502444268,0.22250366256930107,0.7473129392310872,choice_inertia,M4,observable,shared_architecture_task_observation,foraging,364,118
0.6651213680177488,2.270750200534604,0.8158815778807342,0.5784382951349891,0.1934004887714926,0.787611198325484,choice_inertia,M4,observable,shared_architecture_task_observation,solvability,313,118
0.7765582328305883,0.5186124310656741,0.8812507226683047,0.4509964824774562,0.13740856747640426,0.8489893291763916,finite_history,M5,observable,shared_architecture_task_observation,bandit,1800,78
0.6703754272714354,0.5054391355180544,0.8190861594759526,0.64604624753289,0.22209882293045372,0.7455043406366267,finite_history,M5,observable,shared_architecture_task_observation,foraging,364,118
0.6589205046919464,2.312797110357444,0.8123698172822448,0.5758368293249689,0.19352342953947974,0.7904020582592011,finite_history,M5,observable,shared_architecture_task_observation,solvability,313,118
0.28188141439232306,1.6667663803118375,0.5330824989454779,0.5525502531596495,0.15775306050008767,0.7951959762640921,rescorla_wagner,M6,observable,shared_architecture_task_observation,bandit,1800,78
0.2868548310455733,1.65522298923541,0.5373880415745621,0.555833951806922,0.15778211859562347,0.7901835312761065,bayesian,M7,observable,shared_architecture_task_observation,bandit,1800,78
0.5534829355206118,1.0363742788804116,0.7453475629456049,0.49319481877309873,0.1462488027677183,0.8237677739404535,value_history_hybrid,M8,observable,shared_architecture_task_observation,bandit,1800,78
0.051265483073090534,2.202030177671898,0.22867304209948125,0.5944077527318775,0.16264931000852872,0.6307283547639758,termination_advantage,M9,observable,shared_architecture_task_observation,bandit,1800,78
0.0700684712445494,1.425936737951231,0.2703974200123928,0.7071655467901448,0.2534253927950714,0.560011023839052,termination_advantage,M9,observable,shared_architecture_task_observation,foraging,364,118
0.03649524252394454,6.533347942518941,0.2001847639814517,0.8162189307978722,0.30485037324418374,0.5167669631955346,termination_advantage,M9,observable,shared_architecture_task_observation,solvability,313,118
0.19481297775447548,1.8688538152881542,0.4417651961491744,0.5655864979193453,0.1582562111913045,0.6236575346005115,sticky_termination,M10,observable,shared_architecture_task_observation,bandit,1800,78
0.7072637258910195,0.4488754224105132,0.8422796808494796,0.6400955235777692,0.22143133085861774,0.7280384456386937,sticky_termination,M10,observable,shared_architecture_task_observation,foraging,364,118
0.17716803535831493,5.579471695928984,0.42755968531927596,0.7198984449493612,0.2569638425255651,0.6289464503750218,sticky_termination,M10,observable,shared_architecture_task_observation,solvability,313,118
0.27235881293570796,1.6888685125767526,0.5239117514665144,0.5517301977339416,0.15681465699929847,0.7088734056204838,decomposed_meta_control,M11,observable,shared_architecture_task_observation,bandit,1800,78
0.6686766777395067,0.5080439610253651,0.8179991943461125,0.6375503289592389,0.22082454627903686,0.731638418079096,decomposed_meta_control,M11,observable,shared_architecture_task_observation,foraging,364,118
0.7516727420977848,1.6838613062345231,0.8672113439663584,0.5127580998929561,0.16497971646563697,0.8621140763997907,decomposed_meta_control,M11,observable,shared_architecture_task_observation,solvability,313,118
0.7166992975421412,0.43440712249287056,0.8499489950747828,0.6433040707133691,0.2231793535620614,0.7496038307840706,mvt_like_foraging_threshold,M12,observable,shared_architecture_task_observation,foraging,364,118
0.051265483073090534,2.202030177671898,0.22867304209948125,0.5944077527318775,0.16264931000852872,0.6307283547639758,disengagement_accumulator,M13,observable,shared_architecture_task_observation,bandit,1800,78
0.0700684712445494,1.425936737951231,0.2703974200123928,0.7071655467901448,0.2534253927950714,0.560011023839052,disengagement_accumulator,M13,observable,shared_architecture_task_observation,foraging,364,118
0.03649524252394454,6.533347942518941,0.2001847639814517,0.8162189307978722,0.30485037324418374,0.5167669631955346,disengagement_accumulator,M13,observable,shared_architecture_task_observation,solvability,313,118
0.1544928468642901,1.96243757702949,0.3947514672913755,0.5736074452010433,0.16046287879209903,0.7005968426764044,latent_commitment,M14,observable,shared_architecture_task_observation,bandit,1800,78
0.09990018940644374,1.3801934315164208,0.3185160621775175,0.7112670697628777,0.2547321385959109,0.5487977125533967,latent_commitment,M14,observable,shared_architecture_task_observation,foraging,364,118
0.17839176996832606,5.571173777382687,0.4239573619747219,0.7161959364426863,0.24759153958680785,0.6276382347810919,latent_commitment,M14,observable,shared_architecture_task_observation,solvability,313,118
0.051265483073090534,2.202030177671898,0.22867304209948125,0.5944077527318775,0.16264931000852872,0.6307283547639758,generic_latent_value,M15,observable,shared_architecture_task_observation,bandit,1800,78
0.0700684712445494,1.425936737951231,0.2703974200123928,0.7071655467901448,0.2534253927950714,0.560011023839052,generic_latent_value,M15,observable,shared_architecture_task_observation,foraging,364,118
0.03649524252394454,6.533347942518941,0.2001847639814517,0.8162189307978722,0.30485037324418374,0.5167669631955346,generic_latent_value,M15,observable,shared_architecture_task_observation,solvability,313,118
0.8135460185049128,0.43276310355944436,0.9025979221171451,0.44066290420718685,0.1344268276590357,0.8604352731438021,flexible_linear,M16,observable,shared_architecture_task_observation,bandit,1800,78
0.8428081638502132,0.2410345354909848,0.918943065332444,0.6414314652564004,0.22080829165135749,0.7416287722199256,flexible_linear,M16,observable,shared_architecture_task_observation,foraging,364,118
0.8636924039267639,0.9242766529639179,0.9293513401005229,0.4777519134608441,0.15724565735867854,0.8608930751787894,flexible_linear,M16,observable,shared_architecture_task_observation,solvability,313,118
1.0,0.0,1.0,0.38808249446187804,0.11702814500208379,0.8869099396267365,oracle_policy,CEILING,observable,shared_architecture_task_observation,bandit,1800,78
1.0,0.0,1.0,0.6262113436157409,0.21412913978857978,0.7687577511368334,oracle_policy,CEILING,observable,shared_architecture_task_observation,foraging,364,118
1.0,0.0,1.0,0.3970328365209619,0.1261782985277781,0.9150968079539508,oracle_policy,CEILING,observable,shared_architecture_task_observation,solvability,313,118
-1.3773216815645717,5.517807133017158,1.7101033262022243e-16,0.4666915210427105,0.14561801477050523,0.5,intercept,M0,observable,fully_shared,bandit,1800,78
-0.26188048781441564,1.9349400368073597,2.3645877548943213e-17,0.8291862366523225,0.2975823449618116,0.5,intercept,M0,observable,fully_shared,foraging,364,118
-0.20734033632765425,8.186752002065163,0.0,1.222767943824682,0.46257890334036506,0.5,intercept,M0,observable,fully_shared,solvability,313,118
-0.7358716300398302,4.0289898235110755,0.4346288098586303,0.46199315368359584,0.14656501516224635,0.7702844691717409,time,M1,observable,fully_shared,bandit,1800,78
-0.1986042063072493,1.8379135658770036,-0.4729413204585434,0.7658672825561668,0.2764005742486682,0.36573308529695464,time,M1,observable,fully_shared,foraging,364,118
-0.05392218404088611,7.146451825225896,0.3885229966852403,1.08637124835035,0.4132221878032961,0.6369047619047619,time,M1,observable,fully_shared,solvability,313,118
-0.6890244617906534,3.920256688600682,0.37718561291330854,0.4709289325514163,0.1500853108588293,0.7935337737165299,previous_outcome,M2,observable,fully_shared,bandit,1800,78
-0.9766483893233446,3.0309495583190427,-0.5189694994661879,0.8798473902740438,0.3062618948693144,0.3699186991869919,previous_outcome,M2,observable,fully_shared,foraging,364,118
0.06498563165612581,6.340159871807286,0.48671202919900103,0.9441609600075376,0.36221787016956236,0.6488531309959882,previous_outcome,M2,observable,fully_shared,solvability,313,118
-0.5967558873457455,3.7060996386004597,0.496019622570724,0.43850751270684324,0.13801268930373597,0.8033045964637286,streak,M3,observable,fully_shared,bandit,1800,78
-0.8835325085705581,2.888167696271862,-0.6006659532836219,0.8699475341835768,0.30238591867121517,0.334452941987047,streak,M3,observable,fully_shared,foraging,364,118
0.06568404458444221,6.335424062634742,0.5072689833023307,0.9716690998516015,0.3721881663061683,0.658097854526426,streak,M3,observable,fully_shared,solvability,313,118
-0.568275482499395,3.639996097699345,0.5788152715057299,0.4210459029602309,0.13238785398904535,0.8194744683966205,choice_inertia,M4,observable,fully_shared,bandit,1800,78
-0.2688557361867805,1.9456357306331202,-0.018891744328199084,0.78695227034537,0.2806412696871935,0.5233223094942814,choice_inertia,M4,observable,fully_shared,foraging,364,118
-0.04047966056144103,7.055300554373062,0.3666101126545247,1.0365930034613111,0.3999850839152364,0.6024550845979417,choice_inertia,M4,observable,fully_shared,solvability,313,118
-0.5766620748616349,3.659461532064803,0.5706012858290368,0.4252448252679804,0.13418633299905905,0.8135964723411219,finite_history,M5,observable,fully_shared,bandit,1800,78
-0.2519435820432143,1.9197030020767718,0.0034994659776151635,0.7854722615074302,0.2801619564866562,0.5225127463139038,finite_history,M5,observable,fully_shared,foraging,364,118
-0.03964021536514162,7.049608431419288,0.3687821432748734,1.0361623937487974,0.3998289651892981,0.6052023373451945,finite_history,M5,observable,fully_shared,solvability,313,118
0.28188141439232306,1.6667663803118375,0.5330824989454779,0.5525502531596495,0.15775306050008767,0.7951959762640921,rescorla_wagner,M6,observable,fully_shared,bandit,1800,78
0.2868548310455733,1.65522298923541,0.5373880415745621,0.555833951806922,0.15778211859562347,0.7901835312761065,bayesian,M7,observable,fully_shared,bandit,1800,78
0.5534829355206118,1.0363742788804116,0.7453475629456049,0.49319481877309873,0.1462488027677183,0.8237677739404535,value_history_hybrid,M8,observable,fully_shared,bandit,1800,78
-0.6178401399896101,3.755036574874093,0.22867304209948122,0.4641464117485347,0.14337331060203304,0.6307283547639758,termination_advantage,M9,observable,fully_shared,bandit,1800,78
-0.7000433230628103,2.606809378436988,0.2703974200123929,0.8829666758983907,0.29225594763271184,0.560011023839052,termination_advantage,M9,observable,fully_shared,foraging,364,118
0.006922876841070846,6.733872696538562,0.2001847639814517,0.9317081363764671,0.34733173454566024,0.5167669631955346,termination_advantage,M9,observable,fully_shared,solvability,313,118
-0.2682657320720019,2.9436679761329314,0.4244826275313856,0.4717128007069125,0.14594919633452388,0.7865361593647459,sticky_termination,M10,observable,fully_shared,bandit,1800,78
-0.5417135250268403,2.3640299169920804,0.08624160867992114,0.8404517850471359,0.2867769064056561,0.5075616645996969,sticky_termination,M10,observable,fully_shared,foraging,364,118
0.06821042184469506,6.31829316468408,0.28355657935152223,0.8464683604832307,0.31575355786402115,0.5202337345194488,sticky_termination,M10,observable,fully_shared,solvability,313,118
-0.29111084079595173,2.9966918915959,0.441824495474325,0.46322270745829197,0.14398663271367304,0.6994427745863872,decomposed_meta_control,M11,observable,fully_shared,bandit,1800,78
-0.662972686118176,2.549966071715954,0.19648895524100302,0.8444845271850042,0.281897037743204,0.552397684993799,decomposed_meta_control,M11,observable,fully_shared,foraging,364,118
-0.037157351627277846,7.0327725906333844,0.19645117210347635,1.022832969688162,0.3741014822188739,0.540380254665969,decomposed_meta_control,M11,observable,fully_shared,solvability,313,118
0.7166992975421412,0.43440712249287056,0.8499489950747828,0.6433040707133691,0.2231793535620614,0.7496038307840706,mvt_like_foraging_threshold,M12,observable,fully_shared,foraging,364,118
-0.6178401399896101,3.755036574874093,0.22867304209948122,0.4641464117485347,0.14337331060203304,0.6307283547639758,disengagement_accumulator,M13,observable,fully_shared,bandit,1800,78
-0.7000433230628103,2.606809378436988,0.2703974200123929,0.8829666758983907,0.29225594763271184,0.560011023839052,disengagement_accumulator,M13,observable,fully_shared,foraging,364,118
0.006922876841070846,6.733872696538562,0.2001847639814517,0.9317081363764671,0.34733173454566024,0.5167669631955346,disengagement_accumulator,M13,observable,fully_shared,solvability,313,118
-0.4509023297160899,3.367570861907862,0.3048612010159827,0.46789811925663616,0.14461670800787607,0.670194899708038,latent_commitment,M14,observable,fully_shared,bandit,1800,78
-0.7615849252295297,2.7011759298747573,0.212763661903756,0.8713805756657839,0.28820943086940337,0.5658157640898442,latent_commitment,M14,observable,fully_shared,foraging,364,118
0.003841033750416223,6.754770105772159,0.20896717201576426,0.9440206430944613,0.3492164676494827,0.546746903889761,latent_commitment,M14,observable,fully_shared,solvability,313,118
-0.6178401399896101,3.755036574874093,0.22867304209948122,0.4641464117485347,0.14337331060203304,0.6307283547639758,generic_latent_value,M15,observable,fully_shared,bandit,1800,78
-0.7000433230628103,2.606809378436988,0.2703974200123929,0.8829666758983907,0.29225594763271184,0.560011023839052,generic_latent_value,M15,observable,fully_shared,foraging,364,118
0.006922876841070846,6.733872696538562,0.2001847639814517,0.9317081363764671,0.34733173454566024,0.5167669631955346,generic_latent_value,M15,observable,fully_shared,solvability,313,118
0.5313471254991684,1.0877518990731694,0.7399421669961103,0.48184784452353047,0.14112832781327334,0.7738973912893696,flexible_linear,M16,observable,fully_shared,bandit,1800,78
0.6357540280971643,0.5585268344241641,0.8096911659572427,0.6514378504494074,0.22525708434196326,0.7370469891139589,flexible_linear,M16,observable,fully_shared,foraging,364,118
0.4081628659851887,4.013138380292914,0.6943806479567335,0.6274691951923989,0.2221322682024678,0.7783010640153497,flexible_linear,M16,observable,fully_shared,solvability,313,118
1.0,0.0,1.0,0.38808249446187804,0.11702814500208379,0.8869099396267365,oracle_policy,CEILING,observable,fully_shared,bandit,1800,78
1.0,0.0,1.0,0.6262113436157409,0.21412913978857978,0.7687577511368334,oracle_policy,CEILING,observable,fully_shared,foraging,364,118
1.0,0.0,1.0,0.3970328365209619,0.1261782985277781,0.9150968079539508,oracle_policy,CEILING,observable,fully_shared,solvability,313,118
0.670845584657485,0.7639734222445361,0.8209499270010503,0.44785306335900904,0.13209351026710034,0.8209902593208224,mlp,M17,observable,shared_architecture_task_observation,bandit,1800,78
0.8588863217775958,0.21638063855523967,0.9313376485638516,0.6474011069672003,0.22148965240449384,0.7434545955629048,mlp,M17,observable,shared_architecture_task_observation,foraging,364,118
0.5269576252431781,3.207613041722382,0.7545973421998377,0.5914346166998752,0.19724353934225833,0.7709968602825745,mlp,M17,observable,shared_architecture_task_observation,solvability,313,118
0.7966332176973985,0.4720180237743578,0.8981140539531481,0.4420050356529874,0.12722642191326497,0.8403079811559628,gru,M18,observable,shared_architecture_task_observation,bandit,1800,78
0.8112077088706233,0.2894899844116987,0.9245077918244019,0.6508622426516087,0.2203008255038049,0.754512884111892,gru,M18,observable,shared_architecture_task_observation,foraging,364,118
0.6033199728581423,2.6898140554640904,0.8393330182931588,0.5574357797131948,0.1876358463897264,0.8026774812489098,gru,M18,observable,shared_architecture_task_observation,solvability,313,118
-0.002015861354095705,2.3256971532507293,1.7101033262022243e-16,0.6157860788809038,0.16529656330525647,0.5,intercept,M0,oracle,task_specific,bandit,1800,78
-0.0033796603946789627,1.5385605021744098,0.0,0.7223927703387848,0.2615047896388181,0.5,intercept,M0,oracle,task_specific,foraging,364,118
-0.0001145357452034812,6.781592092508784,0.0,0.7768774237007995,0.29127618235619696,0.5,intercept,M0,oracle,task_specific,solvability,313,118
0.5051679021328982,1.148514355642441,0.711291945118427,0.5189482246478496,0.1540697023961778,0.8198921721456193,time,M1,oracle,task_specific,bandit,1800,78
0.6015800244704718,0.6109285067487877,0.7758849839183107,0.6610557871256496,0.22916963484035027,0.7286585365853658,time,M1,oracle,task_specific,foraging,364,118
0.16910329100433152,5.6341572390186325,0.4196760479504948,0.6847283776126732,0.2412690166015081,0.6991758241758241,time,M1,oracle,task_specific,solvability,313,118
0.19323929113386384,1.8725063707364475,0.4428386197750916,0.5655642023695684,0.16003063477089152,0.7844648655166178,previous_outcome,M2,oracle,task_specific,bandit,1800,78
0.6532486322748663,0.5317009896802112,0.8088966274725127,0.6496957422233252,0.2252172776965906,0.760334849111203,previous_outcome,M2,oracle,task_specific,foraging,364,118
0.5416400826677172,3.108054007621693,0.7369997490737387,0.649739912696171,0.21709374714479554,0.7257326007326007,previous_outcome,M2,oracle,task_specific,solvability,313,118
0.38174966960690826,1.4349703321546716,0.6285798668215795,0.5343722006029771,0.15568103432667102,0.8095830713713602,streak,M3,oracle,task_specific,bandit,1800,78
0.6287763965617794,0.5692261825401573,0.7931336543188257,0.6516658311242303,0.22573360328749292,0.7521186440677966,streak,M3,oracle,task_specific,foraging,364,118
0.3720511933610505,4.258004967830956,0.6138208115772694,0.6830538577141799,0.22723994678423112,0.7130865166579452,streak,M3,oracle,task_specific,solvability,313,118
0.7564031501663798,0.565392746810714,0.869840569523902,0.4446809340742921,0.13653726626133705,0.8487395681718356,choice_inertia,M4,oracle,task_specific,bandit,1800,78
0.6699334466268061,0.5061168590053781,0.8187659495574878,0.6468477502444268,0.22250366256930107,0.7473129392310872,choice_inertia,M4,oracle,task_specific,foraging,364,118
0.6651213680177488,2.270750200534604,0.8158815778807342,0.5784382951349891,0.1934004887714926,0.787611198325484,choice_inertia,M4,oracle,task_specific,solvability,313,118
0.78280718911548,0.5041084891590849,0.8847736155540976,0.4492572801196486,0.1372872202179597,0.851099379042468,finite_history,M5,oracle,task_specific,bandit,1800,78
0.6699722047108136,0.5060574282041094,0.8187832546797396,0.6464500503441589,0.22232154471920057,0.7486392448670249,finite_history,M5,oracle,task_specific,foraging,364,118
0.6589205046919464,2.312797110357444,0.8123698172822448,0.5758368293249689,0.19352342953947974,0.7904020582592011,finite_history,M5,oracle,task_specific,solvability,313,118
0.28188141439232306,1.6667663803118375,0.5330824989454779,0.5525502531596495,0.15775306050008767,0.7951959762640921,rescorla_wagner,M6,oracle,task_specific,bandit,1800,78
0.2868548310455733,1.65522298923541,0.5373880415745621,0.555833951806922,0.15778211859562347,0.7901835312761065,bayesian,M7,oracle,task_specific,bandit,1800,78
0.5534829355206118,1.0363742788804116,0.7453475629456049,0.49319481877309873,0.1462488027677183,0.8237677739404535,value_history_hybrid,M8,oracle,task_specific,bandit,1800,78
0.046036728111488845,2.21416621363525,0.2402353950084512,0.6090914036398217,0.1645917109891436,0.6525910551110575,termination_advantage,M9,oracle,task_specific,bandit,1800,78
0.16711836192484142,1.2771225508245876,0.41106878808768615,0.69659499241569,0.24691313948122146,0.6014709935234945,termination_advantage,M9,oracle,task_specific,foraging,364,118
0.027542474781025006,6.594055008321371,0.17536555857084946,0.8091658921939208,0.3025031097060401,0.5024420024420024,termination_advantage,M9,oracle,task_specific,solvability,313,118
0.17806982794579906,1.9077149724297862,0.4271445565055738,0.5781403018636433,0.1620238527208147,0.7833366347718993,sticky_termination,M10,oracle,task_specific,bandit,1800,78
0.6868480695656455,0.4801803448521661,0.8300569694449577,0.6449473447875966,0.22387307141857243,0.7220959073997519,sticky_termination,M10,oracle,task_specific,foraging,364,118
0.15944375955742796,5.699656739062246,0.404266322146209,0.7137867146101863,0.2534296377756496,0.609105180533752,sticky_termination,M10,oracle,task_specific,solvability,313,118
0.28133571258116297,1.6680329642030585,0.5335003965682417,0.5555423704686225,0.15789443218876473,0.7242121762795946,decomposed_meta_control,M11,oracle,task_specific,bandit,1800,78
0.6849796558759789,0.4830453296810517,0.8282160510263394,0.6353597443871087,0.2202640812710114,0.7339982086261541,decomposed_meta_control,M11,oracle,task_specific,foraging,364,118
0.6974904679688352,2.0512613075886077,0.8352719078770047,0.53695793661822,0.17119456546098522,0.8439080760509332,decomposed_meta_control,M11,oracle,task_specific,solvability,313,118
0.7166992975421412,0.43440712249287056,0.8499489950747828,0.6433040707133691,0.2231793535620614,0.7496038307840706,mvt_like_foraging_threshold,M12,oracle,task_specific,foraging,364,118
0.1844862490976693,1.892822341501972,0.4385367511922818,0.5860932286441101,0.16274176678921826,0.7758524170836527,disengagement_accumulator,M13,oracle,task_specific,bandit,1800,78
0.16711836192484142,1.2771225508245876,0.41106878808768615,0.69659499241569,0.24691313948122146,0.6014709935234945,disengagement_accumulator,M13,oracle,task_specific,foraging,364,118
0.027542474781025006,6.594055008321371,0.17536555857084946,0.8091658921939208,0.3025031097060401,0.5024420024420024,disengagement_accumulator,M13,oracle,task_specific,solvability,313,118
0.23153403298363273,1.783623574026899,0.4821421664585115,0.5757073298352037,0.16152536247920565,0.7816055326368734,latent_commitment,M14,oracle,task_specific,bandit,1800,78
0.18809359066524667,1.244959592237838,0.43492901184603233,0.6979136574139649,0.24763582634309042,0.5845907399751964,latent_commitment,M14,oracle,task_specific,foraging,364,118
0.17314299758323304,5.606764734248046,0.4178150025756364,0.7103948523885911,0.24430813328117248,0.6356837606837606,latent_commitment,M14,oracle,task_specific,solvability,313,118
0.1844862490976693,1.892822341501972,0.4385367511922818,0.5860932286441101,0.16274176678921826,0.7758524170836527,generic_latent_value,M15,oracle,task_specific,bandit,1800,78
0.16711836192484142,1.2771225508245876,0.41106878808768615,0.69659499241569,0.24691313948122146,0.6014709935234945,generic_latent_value,M15,oracle,task_specific,foraging,364,118
0.027542474781025006,6.594055008321371,0.17536555857084946,0.8091658921939208,0.3025031097060401,0.5024420024420024,generic_latent_value,M15,oracle,task_specific,solvability,313,118
0.8125222672123144,0.43513924904641843,0.9017417735460188,0.4402553560758894,0.13472741522507145,0.8621620690546116,flexible_linear,M16,oracle,task_specific,bandit,1800,78
0.7763953059418885,0.34287056431189705,0.8832102365335255,0.6328239120821777,0.21880539204686456,0.7505856414496348,flexible_linear,M16,oracle,task_specific,foraging,364,118
0.8602208027598863,0.9478169397812665,0.9275168718637427,0.4809213805364912,0.15852318558011452,0.8605006105006106,flexible_linear,M16,oracle,task_specific,solvability,313,118
1.0,0.0,1.0,0.38808249446187804,0.11702814500208379,0.8869099396267365,oracle_policy,CEILING,oracle,task_specific,bandit,1800,78
1.0,0.0,1.0,0.6262113436157409,0.21412913978857978,0.7687577511368334,oracle_policy,CEILING,oracle,task_specific,foraging,364,118
1.0,0.0,1.0,0.3970328365209619,0.1261782985277781,0.9150968079539508,oracle_policy,CEILING,oracle,task_specific,solvability,313,118
-0.002015861354095705,2.3256971532507293,1.7101033262022243e-16,0.6157860788809038,0.16529656330525647,0.5,intercept,M0,oracle,shared_architecture_task_observation,bandit,1800,78
-0.0033796603946789627,1.5385605021744098,0.0,0.7223927703387848,0.2615047896388181,0.5,intercept,M0,oracle,shared_architecture_task_observation,foraging,364,118
-0.0001145357452034812,6.781592092508784,0.0,0.7768774237007995,0.29127618235619696,0.5,intercept,M0,oracle,shared_architecture_task_observation,solvability,313,118
0.5051679021328982,1.148514355642441,0.711291945118427,0.5189482246478496,0.1540697023961778,0.8198921721456193,time,M1,oracle,shared_architecture_task_observation,bandit,1800,78
0.6015800244704718,0.6109285067487877,0.7758849839183107,0.6610557871256496,0.22916963484035027,0.7286585365853658,time,M1,oracle,shared_architecture_task_observation,foraging,364,118
0.16910329100433152,5.6341572390186325,0.4196760479504948,0.6847283776126732,0.2412690166015081,0.6991758241758241,time,M1,oracle,shared_architecture_task_observation,solvability,313,118
0.19323929113386384,1.8725063707364475,0.4428386197750916,0.5655642023695684,0.16003063477089152,0.7844648655166178,previous_outcome,M2,oracle,shared_architecture_task_observation,bandit,1800,78
0.6532486322748663,0.5317009896802112,0.8088966274725127,0.6496957422233252,0.2252172776965906,0.760334849111203,previous_outcome,M2,oracle,shared_architecture_task_observation,foraging,364,118
0.5416400826677172,3.108054007621693,0.7369997490737387,0.649739912696171,0.21709374714479554,0.7257326007326007,previous_outcome,M2,oracle,shared_architecture_task_observation,solvability,313,118
0.38174966960690826,1.4349703321546716,0.6285798668215795,0.5343722006029771,0.15568103432667102,0.8095830713713602,streak,M3,oracle,shared_architecture_task_observation,bandit,1800,78
0.6287763965617794,0.5692261825401573,0.7931336543188257,0.6516658311242303,0.22573360328749292,0.7521186440677966,streak,M3,oracle,shared_architecture_task_observation,foraging,364,118
0.3720511933610505,4.258004967830956,0.6138208115772694,0.6830538577141799,0.22723994678423112,0.7130865166579452,streak,M3,oracle,shared_architecture_task_observation,solvability,313,118
0.7564031501663798,0.565392746810714,0.869840569523902,0.4446809340742921,0.13653726626133705,0.8487395681718356,choice_inertia,M4,oracle,shared_architecture_task_observation,bandit,1800,78
0.6699334466268061,0.5061168590053781,0.8187659495574878,0.6468477502444268,0.22250366256930107,0.7473129392310872,choice_inertia,M4,oracle,shared_architecture_task_observation,foraging,364,118
0.6651213680177488,2.270750200534604,0.8158815778807342,0.5784382951349891,0.1934004887714926,0.787611198325484,choice_inertia,M4,oracle,shared_architecture_task_observation,solvability,313,118
0.7765582328305883,0.5186124310656741,0.8812507226683047,0.4509964824774562,0.13740856747640426,0.8489893291763916,finite_history,M5,oracle,shared_architecture_task_observation,bandit,1800,78
0.6703754272714354,0.5054391355180544,0.8190861594759526,0.64604624753289,0.22209882293045372,0.7455043406366267,finite_history,M5,oracle,shared_architecture_task_observation,foraging,364,118
0.6589205046919464,2.312797110357444,0.8123698172822448,0.5758368293249689,0.19352342953947974,0.7904020582592011,finite_history,M5,oracle,shared_architecture_task_observation,solvability,313,118
0.28188141439232306,1.6667663803118375,0.5330824989454779,0.5525502531596495,0.15775306050008767,0.7951959762640921,rescorla_wagner,M6,oracle,shared_architecture_task_observation,bandit,1800,78
0.2868548310455733,1.65522298923541,0.5373880415745621,0.555833951806922,0.15778211859562347,0.7901835312761065,bayesian,M7,oracle,shared_architecture_task_observation,bandit,1800,78
0.5534829355206118,1.0363742788804116,0.7453475629456049,0.49319481877309873,0.1462488027677183,0.8237677739404535,value_history_hybrid,M8,oracle,shared_architecture_task_observation,bandit,1800,78
0.046036728111488845,2.21416621363525,0.2402353950084512,0.6090914036398217,0.1645917109891436,0.6525910551110575,termination_advantage,M9,oracle,shared_architecture_task_observation,bandit,1800,78
0.16711836192484142,1.2771225508245876,0.41106878808768615,0.69659499241569,0.24691313948122146,0.6014709935234945,termination_advantage,M9,oracle,shared_architecture_task_observation,foraging,364,118
0.027542474781025006,6.594055008321371,0.17536555857084946,0.8091658921939208,0.3025031097060401,0.5024420024420024,termination_advantage,M9,oracle,shared_architecture_task_observation,solvability,313,118
0.14085430222807516,1.994092888744879,0.37769108562696324,0.5907074390652561,0.16262716918683723,0.5697005451679859,sticky_termination,M10,oracle,shared_architecture_task_observation,bandit,1800,78
0.6868480695656455,0.4801803448521661,0.8300569694449577,0.6449473447875966,0.22387307141857243,0.7220959073997519,sticky_termination,M10,oracle,shared_architecture_task_observation,foraging,364,118
0.16843282876930843,5.638703519698345,0.41753131970291896,0.7148785345283277,0.254249122343426,0.6159079016221873,sticky_termination,M10,oracle,shared_architecture_task_observation,solvability,313,118
0.28133571258116297,1.6680329642030585,0.5335003965682417,0.5555423704686225,0.15789443218876473,0.7242121762795946,decomposed_meta_control,M11,oracle,shared_architecture_task_observation,bandit,1800,78
0.6849796558759789,0.4830453296810517,0.8282160510263394,0.6353597443871087,0.2202640812710114,0.7339982086261541,decomposed_meta_control,M11,oracle,shared_architecture_task_observation,foraging,364,118
0.6974904679688352,2.0512613075886077,0.8352719078770047,0.53695793661822,0.17119456546098522,0.8439080760509332,decomposed_meta_control,M11,oracle,shared_architecture_task_observation,solvability,313,118
0.7166992975421412,0.43440712249287056,0.8499489950747828,0.6433040707133691,0.2231793535620614,0.7496038307840706,mvt_like_foraging_threshold,M12,oracle,shared_architecture_task_observation,foraging,364,118
0.046036728111488845,2.21416621363525,0.2402353950084512,0.6090914036398217,0.1645917109891436,0.6525910551110575,disengagement_accumulator,M13,oracle,shared_architecture_task_observation,bandit,1800,78
0.16711836192484142,1.2771225508245876,0.41106878808768615,0.69659499241569,0.24691313948122146,0.6014709935234945,disengagement_accumulator,M13,oracle,shared_architecture_task_observation,foraging,364,118
0.027542474781025006,6.594055008321371,0.17536555857084946,0.8091658921939208,0.3025031097060401,0.5024420024420024,disengagement_accumulator,M13,oracle,shared_architecture_task_observation,solvability,313,118
0.1709148247071075,1.924321865898755,0.41649490411397283,0.5749320841507685,0.1608112407898943,0.7180973378921893,latent_commitment,M14,oracle,shared_architecture_task_observation,bandit,1800,78
0.18809359066524667,1.244959592237838,0.43492901184603233,0.6979136574139649,0.24763582634309042,0.5845907399751964,latent_commitment,M14,oracle,shared_architecture_task_observation,foraging,364,118
0.17314299758323304,5.606764734248046,0.4178150025756364,0.7103948523885911,0.24430813328117248,0.6356837606837606,latent_commitment,M14,oracle,shared_architecture_task_observation,solvability,313,118
0.046036728111488845,2.21416621363525,0.2402353950084512,0.6090914036398217,0.1645917109891436,0.6525910551110575,generic_latent_value,M15,oracle,shared_architecture_task_observation,bandit,1800,78
0.16711836192484142,1.2771225508245876,0.41106878808768615,0.69659499241569,0.24691313948122146,0.6014709935234945,generic_latent_value,M15,oracle,shared_architecture_task_observation,foraging,364,118
0.027542474781025006,6.594055008321371,0.17536555857084946,0.8091658921939208,0.3025031097060401,0.5024420024420024,generic_latent_value,M15,oracle,shared_architecture_task_observation,solvability,313,118
0.8125222672123144,0.43513924904641843,0.9017417735460188,0.4402553560758894,0.13472741522507145,0.8621620690546116,flexible_linear,M16,oracle,shared_architecture_task_observation,bandit,1800,78
0.7763953059418885,0.34287056431189705,0.8832102365335255,0.6328239120821777,0.21880539204686456,0.7505856414496348,flexible_linear,M16,oracle,shared_architecture_task_observation,foraging,364,118
0.8602208027598863,0.9478169397812665,0.9275168718637427,0.4809213805364912,0.15852318558011452,0.8605006105006106,flexible_linear,M16,oracle,shared_architecture_task_observation,solvability,313,118
1.0,0.0,1.0,0.38808249446187804,0.11702814500208379,0.8869099396267365,oracle_policy,CEILING,oracle,shared_architecture_task_observation,bandit,1800,78
1.0,0.0,1.0,0.6262113436157409,0.21412913978857978,0.7687577511368334,oracle_policy,CEILING,oracle,shared_architecture_task_observation,foraging,364,118
1.0,0.0,1.0,0.3970328365209619,0.1261782985277781,0.9150968079539508,oracle_policy,CEILING,oracle,shared_architecture_task_observation,solvability,313,118
-1.3773216815645717,5.517807133017158,1.7101033262022243e-16,0.4666915210427105,0.14561801477050523,0.5,intercept,M0,oracle,fully_shared,bandit,1800,78
-0.26188048781441564,1.9349400368073597,2.3645877548943213e-17,0.8291862366523225,0.2975823449618116,0.5,intercept,M0,oracle,fully_shared,foraging,364,118
-0.20734033632765425,8.186752002065163,0.0,1.222767943824682,0.46257890334036506,0.5,intercept,M0,oracle,fully_shared,solvability,313,118
-0.7358716300398302,4.0289898235110755,0.4346288098586303,0.46199315368359584,0.14656501516224635,0.7702844691717409,time,M1,oracle,fully_shared,bandit,1800,78
-0.1986042063072493,1.8379135658770036,-0.4729413204585434,0.7658672825561668,0.2764005742486682,0.36573308529695464,time,M1,oracle,fully_shared,foraging,364,118
-0.05392218404088611,7.146451825225896,0.3885229966852403,1.08637124835035,0.4132221878032961,0.6369047619047619,time,M1,oracle,fully_shared,solvability,313,118
-0.6890244617906534,3.920256688600682,0.37718561291330854,0.4709289325514163,0.1500853108588293,0.7935337737165299,previous_outcome,M2,oracle,fully_shared,bandit,1800,78
-0.9766483893233446,3.0309495583190427,-0.5189694994661879,0.8798473902740438,0.3062618948693144,0.3699186991869919,previous_outcome,M2,oracle,fully_shared,foraging,364,118
0.06498563165612581,6.340159871807286,0.48671202919900103,0.9441609600075376,0.36221787016956236,0.6488531309959882,previous_outcome,M2,oracle,fully_shared,solvability,313,118
-0.5967558873457455,3.7060996386004597,0.496019622570724,0.43850751270684324,0.13801268930373597,0.8033045964637286,streak,M3,oracle,fully_shared,bandit,1800,78
-0.8835325085705581,2.888167696271862,-0.6006659532836219,0.8699475341835768,0.30238591867121517,0.334452941987047,streak,M3,oracle,fully_shared,foraging,364,118
0.06568404458444221,6.335424062634742,0.5072689833023307,0.9716690998516015,0.3721881663061683,0.658097854526426,streak,M3,oracle,fully_shared,solvability,313,118
-0.568275482499395,3.639996097699345,0.5788152715057299,0.4210459029602309,0.13238785398904535,0.8194744683966205,choice_inertia,M4,oracle,fully_shared,bandit,1800,78
-0.2688557361867805,1.9456357306331202,-0.018891744328199084,0.78695227034537,0.2806412696871935,0.5233223094942814,choice_inertia,M4,oracle,fully_shared,foraging,364,118
-0.04047966056144103,7.055300554373062,0.3666101126545247,1.0365930034613111,0.3999850839152364,0.6024550845979417,choice_inertia,M4,oracle,fully_shared,solvability,313,118
-0.5766620748616349,3.659461532064803,0.5706012858290368,0.4252448252679804,0.13418633299905905,0.8135964723411219,finite_history,M5,oracle,fully_shared,bandit,1800,78
-0.2519435820432143,1.9197030020767718,0.0034994659776151635,0.7854722615074302,0.2801619564866562,0.5225127463139038,finite_history,M5,oracle,fully_shared,foraging,364,118
-0.03964021536514162,7.049608431419288,0.3687821432748734,1.0361623937487974,0.3998289651892981,0.6052023373451945,finite_history,M5,oracle,fully_shared,solvability,313,118
0.28188141439232306,1.6667663803118375,0.5330824989454779,0.5525502531596495,0.15775306050008767,0.7951959762640921,rescorla_wagner,M6,oracle,fully_shared,bandit,1800,78
0.2868548310455733,1.65522298923541,0.5373880415745621,0.555833951806922,0.15778211859562347,0.7901835312761065,bayesian,M7,oracle,fully_shared,bandit,1800,78
0.5534829355206118,1.0363742788804116,0.7453475629456049,0.49319481877309873,0.1462488027677183,0.8237677739404535,value_history_hybrid,M8,oracle,fully_shared,bandit,1800,78
-0.7617822814858866,4.089128919738086,0.24023539500845112,0.47491588314207905,0.14710166957041995,0.6525910551110575,termination_advantage,M9,oracle,fully_shared,bandit,1800,78
-0.42634217434293786,2.187122002419701,0.41106878808768615,0.8508171951721607,0.28230838671304037,0.6016087915116439,termination_advantage,M9,oracle,fully_shared,foraging,364,118
-0.01968876224276328,6.914321309901787,0.17536555857084946,0.9676405418854136,0.36068803128443855,0.5024420024420024,termination_advantage,M9,oracle,fully_shared,solvability,313,118
-0.34444902692315327,3.1204907978007927,0.4294108693799185,0.48071575097420555,0.14962778442007393,0.7884868789348124,sticky_termination,M10,oracle,fully_shared,bandit,1800,78
-0.3041254621210354,1.999717559662439,0.23688472459975313,0.8120505689641233,0.27806261401312304,0.5273529006476505,sticky_termination,M10,oracle,fully_shared,foraging,364,118
0.05342606142442119,6.418543184192318,0.2655135735194649,0.8645835201447473,0.32286539723033036,0.5138670852956567,sticky_termination,M10,oracle,fully_shared,solvability,313,118
-0.294148846818733,3.0037431591768273,0.4674566491630202,0.4655369456327926,0.1449882449435855,0.7204915985565536,decomposed_meta_control,M11,oracle,fully_shared,bandit,1800,78
-0.6029525428497122,2.4579324921919445,0.2276639946034879,0.8357558118846621,0.27860554758599343,0.5599937990905333,decomposed_meta_control,M11,oracle,fully_shared,foraging,364,118
-0.03329512147029012,7.006583520725945,0.21290826933656073,1.028532401624172,0.3750496268633473,0.5363901971044828,decomposed_meta_control,M11,oracle,fully_shared,solvability,313,118
0.7166992975421412,0.43440712249287056,0.8499489950747828,0.6433040707133691,0.2231793535620614,0.7496038307840706,mvt_like_foraging_threshold,M12,oracle,fully_shared,foraging,364,118
-0.7617822814858866,4.089128919738086,0.24023539500845112,0.47491588314207905,0.14710166957041995,0.6525910551110575,disengagement_accumulator,M13,oracle,fully_shared,bandit,1800,78
-0.42634217434293786,2.187122002419701,0.41106878808768615,0.8508171951721607,0.28230838671304037,0.6016087915116439,disengagement_accumulator,M13,oracle,fully_shared,foraging,364,118
-0.01968876224276328,6.914321309901787,0.17536555857084946,0.9676405418854136,0.36068803128443855,0.5024420024420024,disengagement_accumulator,M13,oracle,fully_shared,solvability,313,118
-0.5048962216955561,3.49289167339669,0.3833175550383046,0.46740534675512696,0.14538651726954313,0.7176322656768093,latent_commitment,M14,oracle,fully_shared,bandit,1800,78
-0.5829143058019914,2.4272062962446355,0.31191226291289925,0.8474763845991424,0.27976991441635135,0.5995418216894033,latent_commitment,M14,oracle,fully_shared,foraging,364,118
-0.004182268011301282,6.809174634292017,0.21698995568381504,0.9668776868954424,0.3562348278999405,0.5288025466596895,latent_commitment,M14,oracle,fully_shared,solvability,313,118
-0.7617822814858866,4.089128919738086,0.24023539500845112,0.47491588314207905,0.14710166957041995,0.6525910551110575,generic_latent_value,M15,oracle,fully_shared,bandit,1800,78
-0.42634217434293786,2.187122002419701,0.41106878808768615,0.8508171951721607,0.28230838671304037,0.6016087915116439,generic_latent_value,M15,oracle,fully_shared,foraging,364,118
-0.01968876224276328,6.914321309901787,0.17536555857084946,0.9676405418854136,0.36068803128443855,0.5024420024420024,generic_latent_value,M15,oracle,fully_shared,solvability,313,118
0.5590471469566084,1.023459642300413,0.7682542108524453,0.47103156788113887,0.14121805610411722,0.8124768540448364,flexible_linear,M16,oracle,fully_shared,bandit,1800,78
0.6065506757443107,0.6033066184228839,0.7814110958889054,0.6495447319227686,0.22605540635528548,0.72691883698498,flexible_linear,M16,oracle,fully_shared,foraging,364,118
0.36062883500034426,4.335457871841644,0.648194564770066,0.654886351819618,0.23483793617786244,0.7551456480027908,flexible_linear,M16,oracle,fully_shared,solvability,313,118
1.0,0.0,1.0,0.38808249446187804,0.11702814500208379,0.8869099396267365,oracle_policy,CEILING,oracle,fully_shared,bandit,1800,78
1.0,0.0,1.0,0.6262113436157409,0.21412913978857978,0.7687577511368334,oracle_policy,CEILING,oracle,fully_shared,foraging,364,118
1.0,0.0,1.0,0.3970328365209619,0.1261782985277781,0.9150968079539508,oracle_policy,CEILING,oracle,fully_shared,solvability,313,118
0.6770982929624925,0.7494607718305882,0.8250970931556169,0.4515153488974458,0.13182021454429887,0.8339175444187028,mlp,M17,oracle,shared_architecture_task_observation,bandit,1800,78
0.7985035556639399,0.30897025604655226,0.9114277310055876,0.6465656120591455,0.22178478164475088,0.7530315557392862,mlp,M17,oracle,shared_architecture_task_observation,foraging,364,118
0.6004977991137201,2.708950694783705,0.8123621377325889,0.5456360237641162,0.1772123225361011,0.8196624803767661,mlp,M17,oracle,shared_architecture_task_observation,solvability,313,118
0.7621714541983556,0.5520044075801137,0.8788551004750094,0.45003162791211077,0.13003034704129687,0.8396921910930059,gru,M18,oracle,shared_architecture_task_observation,bandit,1800,78
0.7913947889755072,0.3198706839480841,0.9054767464225576,0.6256138794105452,0.213705595790156,0.7781796885765467,gru,M18,oracle,shared_architecture_task_observation,foraging,364,118
0.5979011508889338,2.7265580871761337,0.8524919564519667,0.5451351926732924,0.18231850913635406,0.84135705564277,gru,M18,oracle,shared_architecture_task_observation,solvability,313,118
