key,feature_type,layer,rank,persistence_sensitivity,persistence_positive_fraction,cross_manipulation_transfer,cross_task_transfer,random_95th,classification,nuisance_arbitrary_choice,nuisance_generic_value,nuisance_label,nuisance_terminality
static-L00-k1,static,0,1,0.03837912902235985,0.8392186164855957,0.02814423870295286,0.017575624554107588,0.0006088083609938622,no_persistence_specific_candidate,0.08528151363134384,0.10150277614593506,0.007242169696837664,0.04357694461941719
static-L00-k2,static,0,2,0.1424146592617035,0.7776108384132385,0.09039382613264024,0.07306982786394656,0.0014559514820575714,no_persistence_specific_candidate,0.14880910515785217,0.14174924790859222,0.08588291704654694,0.10450013726949692
static-L00-k4,static,0,4,0.31125640869140625,0.734034538269043,0.20913227126002312,0.1454806588590145,0.002094104653224349,no_persistence_specific_candidate,0.24684937298297882,0.21685314178466797,0.16208937764167786,0.17985136806964874
static-L01-k1,static,1,1,0.03728089481592178,0.8504883646965027,0.027394743310287593,0.021239838950956862,0.0006990023539401591,no_persistence_specific_candidate,0.045221153646707535,0.04429122060537338,0.008920830674469471,0.030623218044638634
static-L01-k2,static,1,2,0.1536439061164856,0.7197595834732056,0.14755197390913963,0.12104880437254906,0.0011314537841826677,no_persistence_specific_candidate,0.057264294475317,0.31103935837745667,0.15921659767627716,0.22198516130447388
static-L01-k4,static,1,4,0.22960059344768524,0.7152516841888428,0.183670387044549,0.14247027101616064,0.001923334551975131,no_persistence_specific_candidate,0.08968620747327805,0.3466690182685852,0.16944390535354614,0.2445860207080841
static-L02-k1,static,2,1,0.07423201203346252,0.7250187993049622,0.06016416512429714,0.04512681315342585,0.0007132850005291402,no_persistence_specific_candidate,0.034897707402706146,0.05613499879837036,0.04174220561981201,0.04496276006102562
static-L02-k2,static,2,2,0.23922516405582428,0.6183320879936218,0.22315822541713715,0.20336782932281494,0.0013859783066436648,no_persistence_specific_candidate,0.08257927745580673,0.16705307364463806,0.20247076451778412,0.13547129929065704
static-L02-k4,static,2,4,0.29127025604248047,0.640871524810791,0.26121310889720917,0.22017715374628702,0.002202977193519473,no_persistence_specific_candidate,0.10555584728717804,0.1952049732208252,0.21068164706230164,0.15486952662467957
static-L03-k1,static,3,1,0.041972748935222626,0.9504132270812988,0.03801981564611197,0.028409714810550213,0.000589141040109098,no_persistence_specific_candidate,0.02124873176217079,0.025730421766638756,0.018552672117948532,0.02655138447880745
static-L03-k2,static,3,2,0.14739631116390228,0.7047333121299744,0.11511011272668839,0.10437925159931183,0.0011387777049094439,no_persistence_specific_candidate,0.05715980753302574,0.08123983442783356,0.07276493310928345,0.09442895650863647
static-L03-k4,static,3,4,0.20352181792259216,0.8429751992225647,0.21263944506645202,0.13809765875339508,0.0020240515004843473,no_persistence_specific_candidate,0.08625864237546921,0.11306940019130707,0.092661552131176,0.12950995564460754
static-L04-k1,static,4,1,0.051656004041433334,0.9248685240745544,0.07679091766476631,0.06927806884050369,0.0006404491141438484,no_persistence_specific_candidate,0.027311094105243683,0.028420742601156235,0.033922210335731506,0.06111137568950653
static-L04-k2,static,4,2,0.0891321673989296,0.7888805270195007,0.10021676421165467,0.07106448089083035,0.0010449375258758664,no_persistence_specific_candidate,0.03523110970854759,0.07533557713031769,0.0581575408577919,0.07899577170610428
static-L04-k4,static,4,4,0.14175795018672943,0.8595041036605835,0.1597582072019577,0.10911636302868526,0.0019390926463529468,no_persistence_specific_candidate,0.06358228623867035,0.09692957252264023,0.07686302810907364,0.10786899924278259
static-L05-k1,static,5,1,0.048709459602832794,0.8910593390464783,0.07086989190429449,0.0590866015603145,0.0005895529175177217,no_persistence_specific_candidate,0.02039852924644947,0.020680103451013565,0.032568786293268204,0.05932336673140526
static-L05-k2,static,5,2,0.07589058578014374,0.8046581745147705,0.08790357783436775,0.07380724077423413,0.0010498939082026482,no_persistence_specific_candidate,0.0298130065202713,0.02997259795665741,0.04391179233789444,0.06613702327013016
static-L05-k4,static,5,4,0.12272195518016815,0.8121712803840637,0.13878768682479858,0.09601312503218651,0.001956198364496231,no_persistence_specific_candidate,0.04962947964668274,0.07598946988582611,0.06833246350288391,0.08621669560670853
static-L06-k1,static,6,1,0.058332882821559906,0.9135987758636475,0.06875806339085103,0.05016939962903658,0.0005554263480007648,no_persistence_specific_candidate,0.01698909141123295,0.016793696209788322,0.01592828705906868,0.03474859893321991
static-L06-k2,static,6,2,0.06407186388969421,0.8166791796684265,0.08184589892625808,0.05679970048367977,0.001074534491635859,no_persistence_specific_candidate,0.020711012184619904,0.03773749992251396,0.025864312425255775,0.043704453855752945
static-L06-k4,static,6,4,0.111744225025177,0.8399699330329895,0.12397910431027412,0.07723489279548328,0.002044931286945939,no_persistence_specific_candidate,0.03549132123589516,0.08036233484745026,0.054914362728595734,0.06097324937582016
static-L07-k1,static,7,1,0.05107050761580467,0.942148745059967,0.0481835825368762,0.019692926357189815,0.0005819734651595354,no_persistence_specific_candidate,0.01295428816229105,0.0109624108299613,0.006209701765328646,0.019761741161346436
static-L07-k2,static,7,2,0.05921538174152374,0.8181818127632141,0.06828937791287899,0.0329807015756766,0.0010609455639496446,no_persistence_specific_candidate,0.017367003485560417,0.017847489565610886,0.01572861149907112,0.028306487947702408
static-L07-k4,static,7,4,0.0989159345626831,0.8287002444267273,0.1264480508863926,0.0646568089723587,0.00196958240121603,no_persistence_specific_candidate,0.02535022422671318,0.031765811145305634,0.03142473101615906,0.03842402622103691
static-L08-k1,static,8,1,0.06046894192695618,0.9624342322349548,0.04918776694685221,0.022503272940715153,0.0006314956699497998,no_persistence_specific_candidate,0.020204436033964157,0.012387661263346672,0.010723095387220383,0.01430953573435545
static-L08-k2,static,8,2,0.057586587965488434,0.8347107172012329,0.0641985921189189,0.02678920825322469,0.0011244571069255471,no_persistence_specific_candidate,0.019542133435606956,0.019008366391062737,0.017392076551914215,0.018749741837382317
static-L08-k4,static,8,4,0.21371595561504364,0.8189331293106079,0.0952756218612194,0.05121177062392235,0.0020974588114768267,no_persistence_specific_candidate,0.03434574231505394,0.04576798900961876,0.031341880559921265,0.03589579090476036
static-L09-k1,static,9,1,0.06506028026342392,0.9556724429130554,0.04009462147951126,0.02091039251536131,0.0008080349653027952,no_persistence_specific_candidate,0.009272019378840923,0.012185661122202873,0.00805040542036295,0.006703616119921207
static-L09-k2,static,9,2,0.064902164041996,0.7558227181434631,0.05199615005403757,0.02503796045978864,0.001223861356265843,no_persistence_specific_candidate,0.008539305068552494,0.02361789345741272,0.013071693480014801,0.009562555700540543
static-L09-k4,static,9,4,0.2993242144584656,0.7746055722236633,0.08358421325683593,0.045020900666713715,0.0022572102025151253,no_persistence_specific_candidate,0.015133969485759735,0.06243729591369629,0.029040886089205742,0.019010039046406746
static-L10-k1,static,10,1,0.07254311442375183,0.9849737286567688,0.04396702330559492,0.02543778034547965,0.0008179326541721821,no_persistence_specific_candidate,0.004498261958360672,0.015973582863807678,0.013760188594460487,0.007549821399152279
static-L10-k2,static,10,2,0.06929907947778702,0.8512396812438965,0.05372445825487375,0.0262839129815499,0.0013882442144677043,no_persistence_specific_candidate,0.006916910409927368,0.02511380985379219,0.015235573053359985,0.01247203629463911
static-L10-k4,static,10,4,0.34841814637184143,0.9008264541625977,0.08347537815570831,0.046501451482375465,0.0024045147001743317,no_persistence_specific_candidate,0.014200542122125626,0.06270532310009003,0.02802254632115364,0.023118779063224792
static-L11-k1,static,11,1,0.06794366240501404,0.9646881818771362,0.04195264209993184,0.0213681577394406,0.0007333296816796064,no_persistence_specific_candidate,0.014644304290413857,0.01712283305823803,0.025854630395770073,0.009162654168903828
static-L11-k2,static,11,2,0.06599900871515274,0.8189331293106079,0.051032510586082935,0.024039334927996,0.0012595060979947448,no_persistence_specific_candidate,0.009876968339085579,0.04162336513400078,0.026368286460638046,0.01180177927017212
static-L11-k4,static,11,4,0.24057291448116302,0.953418493270874,0.0714090034365654,0.045060319205125175,0.002200258895754814,no_persistence_specific_candidate,0.023658255115151405,0.08349393308162689,0.03957630693912506,0.04034332558512688
static-L12-k1,static,12,1,0.06949012726545334,0.9120961427688599,0.05269700651988387,0.03045184537768364,0.000790233607403934,no_persistence_specific_candidate,0.023263003677129745,0.02947426587343216,0.024600282311439514,0.00924594420939684
static-L12-k2,static,12,2,0.06589335203170776,0.706987202167511,0.06259515099227428,0.04062819294631481,0.0012077308492735028,no_persistence_specific_candidate,0.01938759908080101,0.04342101141810417,0.02626260556280613,0.008959852159023285
static-L12-k4,static,12,4,0.12841208279132843,0.7513148188591003,0.0872995138168335,0.05569882566730181,0.002165314042940736,no_persistence_specific_candidate,0.02336614765226841,0.05217800661921501,0.04091373831033707,0.019910389557480812
static-L13-k1,static,13,1,0.11128474771976471,0.9917355179786682,0.10192366326227784,0.07390557726224263,0.0008836650522425771,no_persistence_specific_candidate,0.03443089872598648,0.07205485552549362,0.012312055565416813,0.01859472319483757
static-L13-k2,static,13,2,0.10488840937614441,0.9000751376152039,0.11337986439466477,0.07511173809568088,0.0014586288016289473,no_persistence_specific_candidate,0.03924817964434624,0.11031520366668701,0.015491827391088009,0.02205338329076767
static-L13-k4,static,13,4,0.28975415229797363,0.9782118797302246,0.1359629012644291,0.0964618648091952,0.0022218741942197084,no_persistence_specific_candidate,0.04822256416082382,0.14792190492153168,0.028267323970794678,0.03812309354543686
static-L14-k1,static,14,1,0.12255514413118362,0.9954921007156372,0.09692472256720067,0.06851585457722346,0.0010358865838497877,no_persistence_specific_candidate,0.040285952389240265,0.07469041645526886,0.017504088580608368,0.024925174191594124
static-L14-k2,static,14,2,0.11575395613908768,0.7535687685012817,0.11927527971565724,0.0808250904083252,0.0014505950966849923,no_persistence_specific_candidate,0.04598836228251457,0.10957576334476471,0.021714428439736366,0.031588029116392136
static-L14-k4,static,14,4,0.32148703932762146,0.938392162322998,0.13747124895453453,0.10197935005029042,0.002636892255395651,no_persistence_specific_candidate,0.057577770203351974,0.13731954991817474,0.03286349028348923,0.04649500921368599
static-L15-k1,static,15,1,0.2365763634443283,1.0,0.1080214537680149,0.07580715169509251,0.0012751966714859009,no_persistence_specific_candidate,0.005488759838044643,0.027111893519759178,0.021603595465421677,0.017283953726291656
static-L15-k2,static,15,2,0.2493143528699875,1.0,0.14969208240509033,0.09469876686731975,0.00143956218380481,no_persistence_specific_candidate,0.008566607721149921,0.04249688237905502,0.027598129585385323,0.017669985070824623
static-L15-k4,static,15,4,0.6566609740257263,0.9992486834526062,0.1976131409406662,0.10637662683924039,0.0028875386342406273,no_persistence_specific_candidate,0.03128383308649063,0.08978024125099182,0.044724587351083755,0.03551768511533737
static-L16-k1,static,16,1,0.20733386278152466,0.9977460503578186,0.06080030165612697,0.034516753939290844,0.001054137828759849,no_persistence_specific_candidate,0.01061041560024023,0.027638792991638184,0.017508380115032196,0.025796039029955864
static-L16-k2,static,16,2,0.49004626274108887,0.9984973669052124,0.19897576570510864,0.11737521861990292,0.001502751256339252,no_persistence_specific_candidate,0.027541792020201683,0.10345640033483505,0.03182443603873253,0.04980045184493065
static-L16-k4,static,16,4,0.7234444618225098,0.9969947338104248,0.299950435757637,0.16403842717409134,0.0029331303667277098,no_persistence_specific_candidate,0.03147692233324051,0.14721530675888062,0.04807549715042114,0.07831551134586334
static-L17-k1,static,17,1,0.28740957379341125,0.996243417263031,0.06390801817178726,0.04691029340028763,0.0012175716692581773,no_persistence_specific_candidate,0.030339315533638,0.051137857139110565,0.023662175983190536,0.08008255064487457
static-L17-k2,static,17,2,0.5228534936904907,0.9947407841682434,0.19428476989269255,0.1387829383214315,0.001489353715442121,no_persistence_specific_candidate,0.04864327237010002,0.0992095097899437,0.04311433434486389,0.1262989193201065
static-L17-k4,static,17,4,0.7264540195465088,0.9954921007156372,0.23247916698455812,0.19978260000546774,0.0025216685608029366,no_persistence_specific_candidate,0.05976836383342743,0.1287534236907959,0.06674385070800781,0.1500539779663086
static-L18-k1,static,18,1,0.26021620631217957,0.9969947338104248,0.040203473344445226,0.02737487604220708,0.001036752830259502,no_persistence_specific_candidate,0.027469202876091003,0.04235599562525749,0.01585821993649006,0.06922031193971634
static-L18-k2,static,18,2,0.5041803121566772,0.9947407841682434,0.15471491813659669,0.0944978545109431,0.0015139486640691757,no_persistence_specific_candidate,0.0509025976061821,0.0960485190153122,0.04234293848276138,0.1236628070473671
static-L18-k4,static,18,4,0.7434486746788025,0.9939894676208496,0.2541379779577255,0.1995625247557958,0.002494997112080455,no_persistence_specific_candidate,0.06685981899499893,0.11622200906276703,0.0649370476603508,0.1408974528312683
static-L19-k1,static,19,1,0.36958998441696167,0.9969947338104248,0.0739469151943922,0.03116310698290666,0.0011282589985057712,no_persistence_specific_candidate,0.08807457238435745,0.09924626350402832,0.02064456418156624,0.07277924567461014
static-L19-k2,static,19,2,0.5696205496788025,0.9932381510734558,0.2497623309493065,0.15926476567983627,0.0014611163642257452,no_persistence_specific_candidate,0.09779133647680283,0.13263656198978424,0.04391411319375038,0.11691359430551529
static-L19-k4,static,19,4,0.7488400936126709,0.9932381510734558,0.28883791118860247,0.19670177002747855,0.0030873401556164026,no_persistence_specific_candidate,0.11262516677379608,0.18360859155654907,0.11046216636896133,0.20878282189369202
static-L20-k1,static,20,1,0.38623395562171936,0.9947407841682434,0.08305798061192035,0.045546699315309525,0.0007919247727841139,no_persistence_specific_candidate,0.06545888632535934,0.06058841571211815,0.029662374407052994,0.05135369673371315
static-L20-k2,static,20,2,0.5866318345069885,0.9932381510734558,0.22555503398180007,0.16581114629904428,0.001476412289775908,no_persistence_specific_candidate,0.0695963129401207,0.08719344437122345,0.058139026165008545,0.09706909954547882
static-L20-k4,static,20,4,0.7467474937438965,0.9932381510734558,0.31000152230262756,0.22447987894217172,0.002934253541752696,no_persistence_specific_candidate,0.08409078419208527,0.1406809687614441,0.1369321495294571,0.19181299209594727
static-L21-k1,static,21,1,0.3739481270313263,0.9947407841682434,0.07027241252362729,0.03890585961441199,0.0010219940450042486,no_persistence_specific_candidate,0.05949501693248749,0.05657486245036125,0.031010586768388748,0.04345657303929329
static-L21-k2,static,21,2,0.5954908132553101,0.9917355179786682,0.2615019202232361,0.21374522149562836,0.0019105084938928485,no_persistence_specific_candidate,0.06731011718511581,0.07859353721141815,0.064702108502388,0.11106052249670029
static-L21-k4,static,21,4,0.7506738901138306,0.9939894676208496,0.35303754210472105,0.25407985349496204,0.0027832482010126114,persistence_specific_candidate,0.07947207987308502,0.12080424278974533,0.13660673797130585,0.20776577293872833
static-L22-k1,static,22,1,0.3713953197002411,0.9939894676208496,0.08072825409471988,0.051299026856819786,0.001327579841017723,no_persistence_specific_candidate,0.05145192891359329,0.07714629918336868,0.04568617790937424,0.07056339830160141
static-L22-k2,static,22,2,0.6153704524040222,0.9909842014312744,0.2763579308986664,0.22580582400163016,0.0019342872546985745,no_persistence_specific_candidate,0.0725700706243515,0.1002805233001709,0.08153272420167923,0.1340373009443283
static-L22-k4,static,22,4,0.7320424318313599,0.9917355179786682,0.34292659163475037,0.27757811546325684,0.002824110444635153,persistence_specific_candidate,0.08045072853565216,0.1264820694923401,0.12100157886743546,0.19379711151123047
static-L23-k1,static,23,1,0.42769724130630493,0.9939894676208496,0.08212060779333115,0.029735318385064602,0.0010564434342086315,no_persistence_specific_candidate,0.0227537602186203,0.04825526103377342,0.02380260080099106,0.033115699887275696
static-L23-k2,static,23,2,0.6295578479766846,0.9932381510734558,0.2506247252225876,0.12632137288649878,0.0017531926278024912,no_persistence_specific_candidate,0.04171070456504822,0.07517437636852264,0.045971110463142395,0.08327841013669968
static-L23-k4,static,23,4,0.7457911968231201,0.9932381510734558,0.33013550043106077,0.19270261625448862,0.0030026896856725216,no_persistence_specific_candidate,0.19534485042095184,0.3152768611907959,0.24889062345027924,0.31819286942481995
static-L24-k1,static,24,1,0.4253871440887451,0.9932381510734558,0.08111968077719212,0.028807840620477993,0.0009335214272141457,no_persistence_specific_candidate,0.014754069969058037,0.045447614043951035,0.02239910140633583,0.03225773200392723
static-L24-k2,static,24,2,0.6335133910179138,0.9932381510734558,0.2623496502637863,0.13423814872900644,0.001932573039084673,no_persistence_specific_candidate,0.03427087515592575,0.07429207861423492,0.04676714166998863,0.09627843648195267
static-L24-k4,static,24,4,0.7509211897850037,0.9932381510734558,0.34557983875274656,0.19744683802127838,0.0025645431596785784,no_persistence_specific_candidate,0.1646808385848999,0.29065603017807007,0.2370290458202362,0.3110083341598511
static-L25-k1,static,25,1,0.43206360936164856,0.9939894676208496,0.08343632481992244,0.028056488061944645,0.0009891592198982835,no_persistence_specific_candidate,0.014583933167159557,0.040214136242866516,0.023171670734882355,0.030435409396886826
static-L25-k2,static,25,2,0.6375762820243835,0.9932381510734558,0.258660563826561,0.13064967344204584,0.001500021549873054,no_persistence_specific_candidate,0.03620819374918938,0.06946802139282227,0.048250116407871246,0.10311286896467209
static-L25-k4,static,25,4,0.7531377077102661,0.9932381510734558,0.3151886463165283,0.19602436820665994,0.00302316271699965,no_persistence_specific_candidate,0.21922184526920319,0.34343069791793823,0.26529940962791443,0.35489991307258606
static-L26-k1,static,26,1,0.44903531670570374,0.996243417263031,0.09168826155364514,0.029398783730963867,0.0011866881977766752,no_persistence_specific_candidate,0.020760400220751762,0.03912597894668579,0.022940272465348244,0.03278975561261177
static-L26-k2,static,26,2,0.6313764452934265,0.9939894676208496,0.28760990500450134,0.14038356393575668,0.0021323654800653458,no_persistence_specific_candidate,0.04947657883167267,0.07639513909816742,0.060315296053886414,0.1180366799235344
static-L26-k4,static,26,4,0.7622637748718262,0.9932381510734558,0.3254409730434418,0.20211088160673776,0.0032728498335927725,no_persistence_specific_candidate,0.2366088628768921,0.3739249110221863,0.2814658284187317,0.3836650252342224
static-L27-k1,static,27,1,0.44234034419059753,0.9932381510734558,0.087910882756114,0.022790771909058094,0.001473030773922801,no_persistence_specific_candidate,0.0021452289074659348,0.02299860492348671,0.015453124418854713,0.016143539920449257
static-L27-k2,static,27,2,0.6462945342063904,0.992486834526062,0.2714144319295883,0.11788549150029819,0.001979969209060073,no_persistence_specific_candidate,0.027875477448105812,0.08451136946678162,0.05767384544014931,0.14094823598861694
static-L27-k4,static,27,4,0.756217896938324,0.992486834526062,0.3407767921686172,0.1752397914727529,0.002793162362650037,no_persistence_specific_candidate,0.1777496337890625,0.39642438292503357,0.27144545316696167,0.3719002902507782
static-L28-k1,static,28,1,0.44701844453811646,0.9939894676208496,0.08625623397529125,0.02036608972897132,0.0009319732198491693,no_persistence_specific_candidate,0.001891349907964468,0.01637152023613453,0.013081267476081848,0.008781608194112778
static-L28-k2,static,28,2,0.6345275044441223,0.992486834526062,0.25737515091896057,0.10715480024615924,0.0020905830897390842,no_persistence_specific_candidate,0.05911187455058098,0.12027480453252792,0.07913646847009659,0.18680188059806824
static-L28-k4,static,28,4,0.755603015422821,0.9932381510734558,0.3182245999574661,0.16181430965662003,0.002593544078990817,no_persistence_specific_candidate,0.27635571360588074,0.47683799266815186,0.2971969544887543,0.46335911750793457
static-L29-k1,static,29,1,0.43024659156799316,0.9954921007156372,0.08026787079870701,0.020470465843876202,0.0011289860121905804,no_persistence_specific_candidate,0.001898116315715015,0.016052018851041794,0.012139981612563133,0.008553871884942055
static-L29-k2,static,29,2,0.6280184388160706,0.992486834526062,0.24508521258831023,0.10256066049138705,0.0016333069652318954,no_persistence_specific_candidate,0.05759059265255928,0.1281886100769043,0.08052151650190353,0.1937379390001297
static-L29-k4,static,29,4,0.7464326620101929,0.992486834526062,0.3067626148462296,0.1553846225142479,0.003295267466455698,no_persistence_specific_candidate,0.2595141530036926,0.48729896545410156,0.3000691831111908,0.4527618885040283
static-L30-k1,static,30,1,0.43286585807800293,0.9969947338104248,0.07712001241743564,0.01617314713075757,0.001315465779043734,no_persistence_specific_candidate,0.0010507410624995828,0.010765446349978447,0.01010481733828783,0.009757292456924915
static-L30-k2,static,30,2,0.6076422333717346,0.9947407841682434,0.20804627388715743,0.07111969714363416,0.0019288278417661786,no_persistence_specific_candidate,0.15967309474945068,0.28931963443756104,0.15334972739219666,0.3596304655075073
static-L30-k4,static,30,4,0.7415885329246521,0.9954921007156372,0.2920831322669983,0.12251545737187068,0.0026538725942373276,no_persistence_specific_candidate,0.3240598738193512,0.5598047971725464,0.3168156147003174,0.5454962253570557
static-L31-k1,static,31,1,0.2646963894367218,0.9774605631828308,0.036677129287272695,0.029766781410823267,0.0010878597386181355,no_persistence_specific_candidate,0.0010243868455290794,0.005116656422615051,0.023172203451395035,0.010428178124129772
static-L31-k2,static,31,2,0.5491499304771423,0.9706987142562866,0.2256314367055893,0.14627051601807275,0.0018085179617628455,no_persistence_specific_candidate,0.030690176412463188,0.06321834772825241,0.08216649293899536,0.10998138040304184
static-L31-k4,static,31,4,0.7059622406959534,0.976709246635437,0.3086730182170868,0.1987987607717514,0.0028171876911073923,no_persistence_specific_candidate,0.1255822479724884,0.2555270195007324,0.26001864671707153,0.30933648347854614
displacement-L00-k1,displacement,0,1,0.03620309755206108,0.8715251684188843,0.02322609443217516,0.021463964134454727,0.0006600904744118452,no_persistence_specific_candidate,0.03500524163246155,0.033124037086963654,0.0050972746685147285,0.020019982010126114
displacement-L00-k2,displacement,0,2,0.17216648161411285,0.7325319051742554,0.1511220309883356,0.12009008787572384,0.0013282023137435317,no_persistence_specific_candidate,0.08518360555171967,0.3097492754459381,0.1576554775238037,0.19200006127357483
displacement-L00-k4,displacement,0,4,0.255498468875885,0.734034538269043,0.18456869050860406,0.14472597713271776,0.0020327765960246325,no_persistence_specific_candidate,0.11153177171945572,0.34520190954208374,0.17075388133525848,0.21388283371925354
displacement-L01-k1,displacement,1,1,0.06952501088380814,0.7317805886268616,0.048999914526939393,0.038452982902526855,0.0007652390049770474,no_persistence_specific_candidate,0.03425722196698189,0.03772302716970444,0.029068589210510254,0.03361300751566887
displacement-L01-k2,displacement,1,2,0.2143174707889557,0.5289255976676941,0.18741191029548646,0.16946802039941153,0.001081030466593802,no_persistence_specific_candidate,0.07862747460603714,0.11876706779003143,0.16479282081127167,0.13659413158893585
displacement-L01-k4,displacement,1,4,0.27233055233955383,0.6453794240951538,0.2680837482213974,0.22750976185003915,0.002010311698541045,no_persistence_specific_candidate,0.11471422761678696,0.16191580891609192,0.2008986473083496,0.18834108114242554
displacement-L02-k1,displacement,2,1,0.04315187409520149,0.9023290872573853,0.039336394891142844,0.0295724564542373,0.0006066986825317144,no_persistence_specific_candidate,0.0185028538107872,0.022352581843733788,0.023056771606206894,0.02521689049899578
displacement-L02-k2,displacement,2,2,0.11199306696653366,0.6934635639190674,0.08054802641272545,0.06620701402425766,0.0011025487910956144,no_persistence_specific_candidate,0.026706624776124954,0.07716889679431915,0.056347109377384186,0.06076015904545784
displacement-L02-k4,displacement,2,4,0.213609978556633,0.7911344766616821,0.2185269594192505,0.14781772593657175,0.0020926729775965214,no_persistence_specific_candidate,0.07934079319238663,0.10661125183105469,0.09511802345514297,0.11783803999423981
displacement-L03-k1,displacement,3,1,0.0491529256105423,0.9128474593162537,0.07153076827526092,0.06401886977255344,0.0005993533995933831,no_persistence_specific_candidate,0.028580235317349434,0.029945572838187218,0.03541214391589165,0.05789917707443237
displacement-L03-k2,displacement,3,2,0.07179092615842819,0.8504883646965027,0.08863756135106086,0.06659120197097461,0.0010065695969387889,no_persistence_specific_candidate,0.040318798273801804,0.040027327835559845,0.046869419515132904,0.06891775876283646
displacement-L03-k4,displacement,3,4,0.12304742634296417,0.8519909977912903,0.1530810132622719,0.11142460505167644,0.0020372746512293816,no_persistence_specific_candidate,0.06054677069187164,0.0891537070274353,0.07314172387123108,0.0913345068693161
displacement-L04-k1,displacement,4,1,0.048244159668684006,0.8955672383308411,0.0689919201657176,0.05637346984197696,0.0005495797377079725,no_persistence_specific_candidate,0.017598595470190048,0.01934697851538658,0.031755272299051285,0.05734459310770035
displacement-L04-k2,displacement,4,2,0.05184093490242958,0.7873778939247131,0.07809403836727143,0.06001374932626883,0.0010791235836222768,no_persistence_specific_candidate,0.020124197006225586,0.04075188189744949,0.03624321147799492,0.058890607208013535
displacement-L04-k4,displacement,4,4,0.09062077105045319,0.8121712803840637,0.13325976729393005,0.08231273541847865,0.0019504402298480272,no_persistence_specific_candidate,0.03637602552771568,0.07004646956920624,0.06039382144808769,0.07590451836585999
displacement-L05-k1,displacement,5,1,0.05048402026295662,0.9173553586006165,0.06313277650624513,0.047048537991940975,0.0005075923399999738,no_persistence_specific_candidate,0.010508924722671509,0.013117112219333649,0.01590980775654316,0.03159050643444061
displacement-L05-k2,displacement,5,2,0.054112400859594345,0.8151765465736389,0.07460912615060807,0.05313571480413278,0.0010076010366901755,no_persistence_specific_candidate,0.013246636837720871,0.020496230572462082,0.022160638123750687,0.0349111445248127
displacement-L05-k4,displacement,5,4,0.08565845340490341,0.8399699330329895,0.10696769058704376,0.07469542200366656,0.00198447797447443,no_persistence_specific_candidate,0.026718316599726677,0.06132683902978897,0.04202672466635704,0.05003076419234276
displacement-L06-k1,displacement,6,1,0.04471872001886368,0.9436513781547546,0.042218833416700366,0.014377875719219446,0.0005985309835523367,no_persistence_specific_candidate,0.010832742787897587,0.009597750380635262,0.006013078149408102,0.017558200284838676
displacement-L06-k2,displacement,6,2,0.05375096574425697,0.7347858548164368,0.06482525374740362,0.027853166063626606,0.0010677195386961102,no_persistence_specific_candidate,0.012360023334622383,0.01871873438358307,0.009839991107583046,0.02512233331799507
displacement-L06-k4,displacement,6,4,0.09266569465398788,0.8069121241569519,0.12482529729604722,0.059556091825167336,0.002010282361879945,no_persistence_specific_candidate,0.024583565071225166,0.028525035828351974,0.022586440667510033,0.03479313850402832
displacement-L07-k1,displacement,7,1,0.04663749784231186,0.9511645436286926,0.0404327972792089,0.015750245346377294,0.0005857231444679201,no_persistence_specific_candidate,0.009702236391603947,0.007295084185898304,0.01260144542902708,0.012611808255314827
displacement-L07-k2,displacement,7,2,0.047612857073545456,0.7385424375534058,0.054416928067803384,0.025524847209453583,0.0011392919113859534,no_persistence_specific_candidate,0.011415463872253895,0.018146386370062828,0.022240931168198586,0.019347302615642548
displacement-L07-k4,displacement,7,4,0.19166627526283264,0.7385424375534058,0.10554407313466072,0.04679015278816223,0.001937358407303691,no_persistence_specific_candidate,0.022517427802085876,0.04671480506658554,0.04370696097612381,0.03850293904542923
displacement-L08-k1,displacement,8,1,0.058477241545915604,0.9601803421974182,0.03229663986712694,0.011391390735904375,0.000840469729155302,no_persistence_specific_candidate,0.00633669551461935,0.00956001691520214,0.00994950346648693,0.005654295906424522
displacement-L08-k2,displacement,8,2,0.06093252822756767,0.725770115852356,0.046706351637840274,0.014927312110861143,0.001267660059966147,no_persistence_specific_candidate,0.0057796756736934185,0.027013998478651047,0.014454405754804611,0.008241144940257072
displacement-L08-k4,displacement,8,4,0.24225305020809174,0.7693463563919067,0.0702276263386011,0.026426743095119793,0.0020694215781986713,no_persistence_specific_candidate,0.01742866262793541,0.053605154156684875,0.02504306472837925,0.019829420372843742
displacement-L09-k1,displacement,9,1,0.06855376064777374,0.9834710955619812,0.0400918104685843,0.02048619743436575,0.0007354664849117398,no_persistence_specific_candidate,0.005397390108555555,0.015301670879125595,0.00931698177009821,0.008311226032674313
displacement-L09-k2,displacement,9,2,0.06286810338497162,0.7986476421356201,0.05102946031838655,0.023191380004088085,0.0012576619628816843,no_persistence_specific_candidate,0.007210944779217243,0.02484235167503357,0.010814524255692959,0.00963491853326559
displacement-L09-k4,displacement,9,4,0.33185943961143494,0.9444026947021484,0.07811230272054673,0.039996051539977394,0.0022169863805174828,no_persistence_specific_candidate,0.012308906763792038,0.05623354762792587,0.022735098376870155,0.01899651065468788
displacement-L10-k1,displacement,10,1,0.06704758107662201,0.9722013473510742,0.03445469997823238,0.01689334927747647,0.0008107686880975962,no_persistence_specific_candidate,0.008555281907320023,0.010752042755484581,0.024777134880423546,0.006931524258106947
displacement-L10-k2,displacement,10,2,0.05956308916211128,0.949661910533905,0.04058828726410866,0.016656433853010338,0.001280912896618247,no_persistence_specific_candidate,0.008009171113371849,0.033205509185791016,0.025728311389684677,0.007000103127211332
displacement-L10-k4,displacement,10,4,0.3040958642959595,0.9331330060958862,0.061569053679704666,0.03285325380663077,0.0027129189111292362,no_persistence_specific_candidate,0.016145551577210426,0.07197652757167816,0.03097977302968502,0.021686580032110214
displacement-L11-k1,displacement,11,1,0.060025595128536224,0.9519158601760864,0.044134340807795526,0.02690219630797704,0.0007284670718945563,no_persistence_specific_candidate,0.016370180994272232,0.02005656622350216,0.018033863976597786,0.005540801677852869
displacement-L11-k2,displacement,11,2,0.05651261657476425,0.7821187376976013,0.0520344128832221,0.03377773084988197,0.0013884413056075573,no_persistence_specific_candidate,0.015428648330271244,0.03708808869123459,0.021905936300754547,0.007462617475539446
displacement-L11-k4,displacement,11,4,0.24848628044128418,0.7317805886268616,0.07415120489895344,0.04624694834152857,0.0022734859958291054,no_persistence_specific_candidate,0.02891928143799305,0.0674590915441513,0.0364050455391407,0.024651015177369118
displacement-L12-k1,displacement,12,1,0.10492219775915146,0.9992486834526062,0.08465591710992157,0.06226616601149241,0.0008392015006393194,no_persistence_specific_candidate,0.025701196864247322,0.060407958924770355,0.009500005282461643,0.01617499627172947
displacement-L12-k2,displacement,12,2,0.09632335603237152,0.9519158601760864,0.09697111323475838,0.06335567062099774,0.0015486241318285465,no_persistence_specific_candidate,0.031405817717313766,0.0963859111070633,0.014667184092104435,0.018714003264904022
displacement-L12-k4,displacement,12,4,0.269523948431015,0.945905327796936,0.11929758116602898,0.0863175243139267,0.002428737934678793,no_persistence_specific_candidate,0.0384775847196579,0.1015682965517044,0.02438373677432537,0.027748411521315575
displacement-L13-k1,displacement,13,1,0.10144490003585815,1.0,0.06952107856050134,0.04265451182921728,0.0008138802368193865,no_persistence_specific_candidate,0.02283557318150997,0.0598142072558403,0.013105384074151516,0.013403870165348053
displacement-L13-k2,displacement,13,2,0.08301515132188797,0.7798647880554199,0.09041554760187864,0.04597112163901329,0.001430035219527781,no_persistence_specific_candidate,0.028307540342211723,0.09257440268993378,0.014618294313549995,0.01739637553691864
displacement-L13-k4,displacement,13,4,0.3400827646255493,0.9947407841682434,0.10536326132714749,0.06708703065911929,0.0023920205421745777,no_persistence_specific_candidate,0.04081735014915466,0.12057484686374664,0.021654365584254265,0.034870173782110214
displacement-L14-k1,displacement,14,1,0.2608601748943329,1.0,0.09556065201759338,0.06607785262167454,0.0010253633372485638,no_persistence_specific_candidate,0.005307297687977552,0.028082899749279022,0.02805706113576889,0.01799774542450905
displacement-L14-k2,displacement,14,2,0.4923519492149353,1.0,0.1648150146007538,0.09171272317568462,0.001536122988909483,no_persistence_specific_candidate,0.010891294106841087,0.05593354254961014,0.0385621041059494,0.02422732301056385
displacement-L14-k4,displacement,14,4,0.6827104687690735,1.0,0.19733279645442964,0.10348420962691307,0.0025294246152043343,no_persistence_specific_candidate,0.01871561072766781,0.06984759867191315,0.04864911735057831,0.030277563259005547
displacement-L15-k1,displacement,15,1,0.16759684681892395,0.9939894676208496,0.04435942014679313,0.024432003498077393,0.0009319203672930598,no_persistence_specific_candidate,0.007828084751963615,0.02181991934776306,0.01260492205619812,0.020453717559576035
displacement-L15-k2,displacement,15,2,0.4553200602531433,0.976709246635437,0.1799935668706894,0.11626987904310226,0.0015074019320309162,no_persistence_specific_candidate,0.02431710623204708,0.11274018883705139,0.02471349947154522,0.04581472650170326
displacement-L15-k4,displacement,15,4,0.6785929203033447,0.988730251789093,0.2808822304010391,0.16211221118768057,0.0025574625469744205,no_persistence_specific_candidate,0.028986085206270218,0.17005328834056854,0.04648439958691597,0.06924368441104889
displacement-L16-k1,displacement,16,1,0.2532443404197693,0.996243417263031,0.05317634493112564,0.038071367889642715,0.0008277579327113926,no_persistence_specific_candidate,0.028776299208402634,0.03284643217921257,0.012944977730512619,0.06760799139738083
displacement-L16-k2,displacement,16,2,0.47747689485549927,0.9917355179786682,0.15618952512741088,0.10241167371471722,0.0014908326556906104,no_persistence_specific_candidate,0.042888905853033066,0.07301003485918045,0.026811499148607254,0.10111523419618607
displacement-L16-k4,displacement,16,4,0.67986661195755,0.9969947338104248,0.21067688763141632,0.1599066679676374,0.0028466933872550726,no_persistence_specific_candidate,0.05166804417967796,0.12142821401357651,0.06260650604963303,0.12590229511260986
displacement-L17-k1,displacement,17,1,0.276793897151947,0.9969947338104248,0.036035301815718415,0.01968747874101003,0.0009282296523451805,no_persistence_specific_candidate,0.019407710060477257,0.0565672442317009,0.012840202078223228,0.06573157757520676
displacement-L17-k2,displacement,17,2,0.4834079444408417,0.992486834526062,0.178217875957489,0.11018406227231026,0.0017151051433756948,no_persistence_specific_candidate,0.039080992341041565,0.1074976846575737,0.03889218345284462,0.10726124048233032
displacement-L17-k4,displacement,17,4,0.6849719285964966,0.9917355179786682,0.24090162217617034,0.15503485252459845,0.0025945042725652456,no_persistence_specific_candidate,0.046135902404785156,0.1251702606678009,0.05585963651537895,0.12826082110404968
displacement-L18-k1,displacement,18,1,0.3986612856388092,0.996243417263031,0.08518206365406514,0.027092803890506428,0.0009712966857478023,no_persistence_specific_candidate,0.1056881695985794,0.10726575553417206,0.014636104926466942,0.0461130253970623
displacement-L18-k2,displacement,18,2,0.5831847190856934,0.9932381510734558,0.24679442793130874,0.12636415660381317,0.0020640988368541002,no_persistence_specific_candidate,0.10813043266534805,0.13235795497894287,0.04193820804357529,0.08421077579259872
displacement-L18-k4,displacement,18,4,0.7039284706115723,0.9894815683364868,0.3007155299186707,0.18702709674835205,0.0028164114337414503,no_persistence_specific_candidate,0.13425880670547485,0.2021893709897995,0.11939695477485657,0.19332005083560944
displacement-L19-k1,displacement,19,1,0.3869972825050354,0.9917355179786682,0.06930014826357364,0.037681574622790016,0.0009177546016871929,no_persistence_specific_candidate,0.01245833095163107,0.012962914071977139,0.03628941625356674,0.03158443793654442
displacement-L19-k2,displacement,19,2,0.5839327573776245,0.976709246635437,0.2271968424320221,0.17755390455325445,0.0017540171975269914,no_persistence_specific_candidate,0.02181791327893734,0.02353072166442871,0.07480587065219879,0.06268438696861267
displacement-L19-k4,displacement,19,4,0.7138855457305908,0.9812171459197998,0.2931783735752106,0.2101606031258901,0.0026885056868195534,no_persistence_specific_candidate,0.03621865063905716,0.06160115450620651,0.12489144504070282,0.12615811824798584
displacement-L20-k1,displacement,20,1,0.36077451705932617,0.992486834526062,0.0535007581114769,0.040426766499876976,0.0010041664354503155,no_persistence_specific_candidate,0.011589244939386845,0.02382945641875267,0.018244225531816483,0.029127566143870354
displacement-L20-k2,displacement,20,2,0.5961505174636841,0.9827197790145874,0.302702297270298,0.2315621425708135,0.0018242016667500138,no_persistence_specific_candidate,0.02388720214366913,0.04702833294868469,0.07574312388896942,0.16107352077960968
displacement-L20-k4,displacement,20,4,0.7445035576820374,0.980465829372406,0.3481628119945526,0.26998282968997955,0.002729178639128804,no_persistence_specific_candidate,0.034821052104234695,0.07386939227581024,0.11924420297145844,0.23114220798015594
displacement-L21-k1,displacement,21,1,0.3896927237510681,0.9932381510734558,0.109036735445261,0.06947299838066101,0.0007523763342760503,no_persistence_specific_candidate,0.03269379213452339,0.11978583037853241,0.06099025160074234,0.1278902292251587
displacement-L21-k2,displacement,21,2,0.6242321133613586,0.9864763617515564,0.29152669608592985,0.23086202144622803,0.001879807561635971,no_persistence_specific_candidate,0.07038245350122452,0.1403103470802307,0.10692112892866135,0.18853279948234558
displacement-L21-k4,displacement,21,4,0.7378753423690796,0.9872276782989502,0.36126311421394347,0.2817251483599345,0.0025765621103346348,persistence_specific_candidate,0.11384148895740509,0.16723600029945374,0.16792672872543335,0.27953216433525085
displacement-L22-k1,displacement,22,1,0.5339711308479309,0.9879789352416992,0.11622141161933541,0.013067636483659347,0.0011496215593069792,no_persistence_specific_candidate,0.006172328256070614,0.02342311665415764,0.010753093287348747,0.01807558164000511
displacement-L22-k2,displacement,22,2,0.6344720721244812,0.9556724429130554,0.196613559871912,0.032949826990564667,0.0015794233186170459,no_persistence_specific_candidate,0.3250804543495178,0.48116934299468994,0.25878995656967163,0.3914014995098114
displacement-L22-k4,displacement,22,4,0.7662286758422852,0.9744552969932556,0.31130594611167905,0.09297492603460948,0.002959373639896512,no_persistence_specific_candidate,0.36395594477653503,0.5436690449714661,0.3139515519142151,0.4201308786869049
displacement-L23-k1,displacement,23,1,0.5047616958618164,0.992486834526062,0.10115572167560458,0.02228521804014842,0.0010527597041800618,no_persistence_specific_candidate,0.008527446538209915,0.06284770369529724,0.02165830321609974,0.04682675749063492
displacement-L23-k2,displacement,23,2,0.6783084869384766,0.9857250452041626,0.29248809069395065,0.12090978274742763,0.0016144273104146123,no_persistence_specific_candidate,0.030315924435853958,0.09459599107503891,0.047714587301015854,0.11412949115037918
displacement-L23-k4,displacement,23,4,0.7752566337585449,0.9812171459197998,0.3658082351088524,0.1654908781250318,0.0033781598322093487,no_persistence_specific_candidate,0.06948715448379517,0.21877261996269226,0.17489442229270935,0.28048110008239746
displacement-L24-k1,displacement,24,1,0.43139562010765076,0.9932381510734558,0.08195891473442316,0.019860807495812576,0.0011101900599896908,no_persistence_specific_candidate,0.0033261592034250498,0.017027171328663826,0.01197843812406063,0.020038243383169174
displacement-L24-k2,displacement,24,2,0.5374333262443542,0.9872276782989502,0.13683031164109707,0.05658089742064476,0.0014031402533873916,no_persistence_specific_candidate,0.23606936633586884,0.38823413848876953,0.21922458708286285,0.41458913683891296
displacement-L24-k4,displacement,24,4,0.7210161089897156,0.9932381510734558,0.2845739796757698,0.11165121446053188,0.0027292531449347734,no_persistence_specific_candidate,0.2767411470413208,0.470167875289917,0.2797813415527344,0.4541095793247223
displacement-L25-k1,displacement,25,1,0.4578429162502289,0.9902328848838806,0.11029866151511669,0.05194196477532387,0.0011480040848255157,no_persistence_specific_candidate,0.05450087785720825,0.04129192978143692,0.045580845326185226,0.11736481636762619
displacement-L25-k2,displacement,25,2,0.6362178921699524,0.9789631962776184,0.2847137600183487,0.152647798260053,0.001827440457418561,no_persistence_specific_candidate,0.13276654481887817,0.16555115580558777,0.12721647322177887,0.29304683208465576
displacement-L25-k4,displacement,25,4,0.7544692754745483,0.9857250452041626,0.3879593759775162,0.27857719361782074,0.0029008020646870136,no_persistence_specific_candidate,0.3338228166103363,0.4910725951194763,0.37896016240119934,0.5075544118881226
displacement-L26-k1,displacement,26,1,0.4495163559913635,0.9932381510734558,0.10847325548529625,0.026723898947238922,0.0009037810377776623,no_persistence_specific_candidate,0.007343634031713009,0.027757108211517334,0.016276147216558456,0.0356704518198967
displacement-L26-k2,displacement,26,2,0.6162581443786621,0.9917355179786682,0.2358710691332817,0.066756222397089,0.0016113764140754938,no_persistence_specific_candidate,0.04258319362998009,0.14342185854911804,0.09492088854312897,0.18913991749286652
displacement-L26-k4,displacement,26,4,0.7278635501861572,0.9917355179786682,0.2959164917469025,0.12917534013589224,0.003721346380189061,no_persistence_specific_candidate,0.13085654377937317,0.4115346074104309,0.280969500541687,0.36821046471595764
displacement-L27-k1,displacement,27,1,0.4465383291244507,0.992486834526062,0.07941753910854459,0.012903707878043255,0.000881301355548203,no_persistence_specific_candidate,0.0016067420365288854,0.012955747544765472,0.008504413068294525,0.004551257938146591
displacement-L27-k2,displacement,27,2,0.6162406206130981,0.9872276782989502,0.22772167026996612,0.06897483331461747,0.0015137949958443642,no_persistence_specific_candidate,0.14288276433944702,0.2198256254196167,0.13264596462249756,0.3200753331184387
displacement-L27-k4,displacement,27,4,0.7314616441726685,0.9909842014312744,0.2861995667219162,0.11477206647396088,0.0029865577816963196,no_persistence_specific_candidate,0.36097779870033264,0.49528664350509644,0.2952631711959839,0.54486483335495
displacement-L28-k1,displacement,28,1,0.36617422103881836,0.9902328848838806,0.06721219830214978,0.02572098234668374,0.0009173647267743945,no_persistence_specific_candidate,0.004427867941558361,0.025141587480902672,0.01266050711274147,0.01713859662413597
displacement-L28-k2,displacement,28,2,0.6036405563354492,0.9819684624671936,0.2546715706586838,0.1270076036453247,0.0018948516808450222,no_persistence_specific_candidate,0.03661885857582092,0.11213495582342148,0.07455360889434814,0.21396277844905853
displacement-L28-k4,displacement,28,4,0.7100481986999512,0.9849737286567688,0.2926489382982254,0.15410070617993674,0.0027731633745133877,no_persistence_specific_candidate,0.15091979503631592,0.37842071056365967,0.2562076449394226,0.3883892893791199
displacement-L29-k1,displacement,29,1,0.4187111556529999,0.9932381510734558,0.08490201057866216,0.015422267063210407,0.0014432462630793452,no_persistence_specific_candidate,0.0020796030294150114,0.01776246726512909,0.006460724398493767,0.014413424767553806
displacement-L29-k2,displacement,29,2,0.5750207901000977,0.9774605631828308,0.18580231070518494,0.05095862286786238,0.00180411571636796,no_persistence_specific_candidate,0.24606797099113464,0.42357921600341797,0.2045784741640091,0.5256572365760803
displacement-L29-k4,displacement,29,4,0.7064872980117798,0.988730251789093,0.2831721931695938,0.08780030782024066,0.0030339225195348263,no_persistence_specific_candidate,0.37018951773643494,0.5711066722869873,0.2965366840362549,0.6351987719535828
displacement-L30-k1,displacement,30,1,0.2721281945705414,0.9015777707099915,0.04311467595398426,0.07291259655418496,0.0010329227661713958,no_persistence_specific_candidate,0.0027372692711651325,0.0029590788763016462,0.01831524632871151,0.007541260216385126
displacement-L30-k2,displacement,30,2,0.6202529072761536,0.8715251684188843,0.39243566393852236,0.28066884477933246,0.0018558515002951026,no_persistence_specific_candidate,0.08544164896011353,0.11189679801464081,0.14098255336284637,0.2267514318227768
displacement-L30-k4,displacement,30,4,0.7763938903808594,0.8925619721412659,0.490485405921936,0.34707382321357727,0.0028865854255855083,no_persistence_specific_candidate,0.33434197306632996,0.4786338210105896,0.3989713490009308,0.5184159278869629
