model,sharing,information_set,selected_hyperparameters,validation_macro_log_loss,parameter_count,macro_log_loss,macro_brier,macro_auc,state_weighted_log_loss,episode_weighted_log_loss,tasks,states,rank,log_loss_ci_low,log_loss_ci_high
mlp,task_specific,observable,"{""bandit"": {""dropout"": 0.0, ""epochs"": 120, ""hidden_size"": 32, ""learning_rate"": 0.001}, ""foraging"": {""dropout"": 0.0, ""epochs"": 94, ""hidden_size"": 32, ""learning_rate"": 0.001}, ""information_sampling"": {""dropout"": 0.0, ""epochs"": 120, ""hidden_size"": 32, ""learning_rate"": 0.001}, ""partial_reinforcement"": {""dropout"": 0.0, ""epochs"": 55, ""hidden_size"": 32, ""learning_rate"": 0.001}, ""solvability"": {""dropout"": 0.0, ""epochs"": 120, ""hidden_size"": 32, ""learning_rate"": 0.001}}",0.3678050950824774,11845,0.486475622025313,0.166308178723161,0.7631174917141572,0.23793534422569187,0.5584009588507572,5,2537,1,0.2715459500434684,0.677536243030643
gru,task_specific,observable,"{""bandit"": {""dropout"": 0.0, ""epochs"": 100, ""hidden_size"": 64, ""learning_rate"": 0.001}, ""foraging"": {""dropout"": 0.0, ""epochs"": 60, ""hidden_size"": 64, ""learning_rate"": 0.001}, ""information_sampling"": {""dropout"": 0.0, ""epochs"": 73, ""hidden_size"": 64, ""learning_rate"": 0.001}, ""partial_reinforcement"": {""dropout"": 0.0, ""epochs"": 100, ""hidden_size"": 32, ""learning_rate"": 0.001}, ""solvability"": {""dropout"": 0.0, ""epochs"": 95, ""hidden_size"": 64, ""learning_rate"": 0.001}}",0.3334738282391398,122885,0.492252000834284,0.167360028183187,0.762327617962521,0.23188227123595148,0.5433230233535069,5,2537,2,0.2841724855440959,0.6747244422907901
finite_history,hierarchical,observable,"{""history_lag"": 2, ""penalty"": 0.01}",0.411840735674441,90,0.514859131857005,0.177367344167922,0.7548363010876149,0.2619019362741416,0.6265965558277911,5,2537,3,0.30445947476599033,0.6939236056123131
latent_commitment,task_specific,observable,"{""penalty"": 0.01, ""rho"": 0.5}",0.425680887107163,85,0.516171751489709,0.1747869946011,0.7322902040685513,0.263160110867164,0.6079708258655576,5,2537,4,0.3135916624928273,0.6819894296964312
gru,fully_shared,observable,"{""dropout"": 0.0, ""epochs"": 100, ""hidden_size"": 64, ""learning_rate"": 0.001}",0.345476277084702,28673,0.518847389355271,0.175370942815251,0.7477903402905163,0.24910218685192423,0.6197600885409082,5,2537,5,0.31305416118110213,0.6950118698301232
finite_history,task_specific,observable,"{""history_lag"": 2, ""penalty"": 0.01}",0.390331759412157,75,0.518882828322654,0.179465104677654,0.7353150911687647,0.25029215510133795,0.6083953208978331,5,2537,6,0.3066983840748416,0.692634820206554
gru,hierarchical,observable,"{""dropout"": 0.0, ""epochs"": 100, ""hidden_size"": 64, ""learning_rate"": 0.001}",0.357657751642552,28993,0.520377406735365,0.177263641054707,0.7415582553945262,0.25255171547941035,0.6175796568717051,5,2537,7,0.31288836750815535,0.7019010235332341
flexible_linear,hierarchical,observable,"{""penalty"": 0.01}",0.39368580411813,378,0.524538953525431,0.179700458555138,0.7423350563286297,0.2561248014590521,0.6107150434694227,5,2537,8,0.30489829115231976,0.7029940979717102
dual_history,task_specific,observable,"{""history_decay"": 0.0, ""penalty"": 0.01}",0.426605612119033,105,0.531971351739734,0.178832387127168,0.7355797447208714,0.2626724495718099,0.6069111506779674,5,2537,9,0.33420461350890995,0.7108235030446285
flexible_linear,task_specific,observable,"{""penalty"": 0.01}",0.377219559572739,315,0.53497822119069,0.178607734920482,0.7343172289534202,0.24276825128949311,0.5789136955757496,5,2537,10,0.32435419502851087,0.7345188024675917
perseveration,task_specific,observable,"{""history_decay"": 0.0, ""penalty"": 0.01}",0.468947252800119,95,0.538208656000183,0.18489392023116,0.7250023586792295,0.2696121764726687,0.6115547758180733,5,2537,11,0.3301654680996588,0.695638510506716
exponential_reward,task_specific,observable,"{""history_decay"": 0.0, ""penalty"": 0.01}",0.442230196825492,95,0.540295150844512,0.182208425438777,0.7137308892855438,0.2690573877561963,0.6245353497370209,5,2537,12,0.34158804370570583,0.7104207046714099
dual_history,hierarchical,observable,"{""history_decay"": 0.25, ""penalty"": 0.01}",0.464698204241874,126,0.54165811964882,0.184932296791318,0.6842161613312234,0.2746583907638106,0.6353415309938285,5,2537,13,0.3366964470292251,0.7100292525076718
sunk_extension,task_specific,observable,"{""penalty"": 0.01}",0.483435830825327,95,0.544467426421467,0.187416321502988,0.7017869699947242,0.27488581146343705,0.6257360011005252,5,2537,14,0.3309254873864023,0.7142159350257355
immediate_state,task_specific,observable,"{""penalty"": 0.01}",0.483435915330661,85,0.545173993199836,0.187755678931529,0.7002113642910845,0.2750901349448745,0.6259827314914952,5,2537,15,0.3420479401973224,0.7079272629912788
latent_commitment,hierarchical,observable,"{""penalty"": 0.01, ""rho"": 0.95}",0.483605045255188,102,0.546082707026647,0.188600668922875,0.7021411223841592,0.2791370560870811,0.6739989608854534,5,2537,16,0.32528009826374155,0.7211659420667949
exponential_reward,hierarchical,observable,"{""history_decay"": 0.0, ""penalty"": 0.01}",0.479309622599153,114,0.549806561848647,0.189219357620397,0.6572193719170341,0.28418031270801475,0.6542531802365942,5,2537,17,0.3400317242985927,0.7054940926559203
mlp,hierarchical,observable,"{""dropout"": 0.0, ""epochs"": 120, ""hidden_size"": 32, ""learning_rate"": 0.001}",0.40992569707769,2529,0.550549945745625,0.191056002461263,0.663902671497167,0.2773649314569028,0.6550601834031644,5,2537,18,0.328960685754216,0.7249674611364656
flexible_linear,fully_shared,observable,"{""penalty"": 0.01}",0.434191107769841,68,0.550796304356724,0.19106520310232,0.6767197459021334,0.27935802117022046,0.6596149434056745,5,2537,19,0.33155266562799474,0.7131000362512397
perseveration,hierarchical,observable,"{""history_decay"": 0.5, ""penalty"": 0.01}",0.498879844414302,114,0.554170009913092,0.191812116735293,0.6325525994177839,0.28400348927328084,0.6473848974393371,5,2537,20,0.3500371588551241,0.7044481844540783
mlp,fully_shared,observable,"{""dropout"": 0.0, ""epochs"": 120, ""hidden_size"": 32, ""learning_rate"": 0.001}",0.401815030367876,2369,0.555366883140137,0.190767514988972,0.6861178520647562,0.2788636267855733,0.6329396893945873,5,2537,21,0.3458483127356072,0.7140343230132513
finite_history,fully_shared,observable,"{""history_lag"": 5, ""penalty"": 0.01}",0.454137506678936,28,0.555543763377342,0.193563076566467,0.6534786294028511,0.29224665229083535,0.6717393241986789,5,2537,22,0.3407809465604254,0.714050142074851
competitive_time_reward,task_specific,observable,"{""history_decay"": 0.0, ""penalty"": 0.01}",0.469253529625127,45,0.556365974374168,0.189655665133556,0.7208376389466755,0.27912111927131933,0.6732052130269441,5,2537,23,0.3394073289527341,0.7122735118611766
dual_history,fully_shared,observable,"{""history_decay"": 0.0, ""penalty"": 0.01}",0.502823339128641,26,0.561495970943813,0.193630266606859,0.6508016830737529,0.2979850794323958,0.6612292826182474,5,2537,24,0.35729732373168044,0.7090232547210901
exponential_reward,fully_shared,observable,"{""history_decay"": 0.0, ""penalty"": 0.01}",0.501747604183479,24,0.562042638733569,0.193829939102798,0.6517662161598888,0.2992556443152256,0.6586850357515577,5,2537,25,0.3543538798104344,0.7078727293071839
competitive_time_reward,hierarchical,observable,"{""history_decay"": 0.0, ""penalty"": 0.01}",0.500199440999879,54,0.563728224730861,0.195397933329014,0.6926405772617048,0.29150373594844425,0.6776919469640872,5,2537,26,0.35106328933522046,0.7276850744839504
sunk_extension,hierarchical,observable,"{""penalty"": 0.01}",0.511406134088868,114,0.566339277033006,0.197072168495968,0.6178100514906627,0.29292733046462194,0.6679210259057662,5,2537,27,0.35253274528645323,0.7141039558345076
immediate_state,hierarchical,observable,"{""penalty"": 0.01}",0.512159400338673,102,0.567375398792566,0.197470822367958,0.6129255882450066,0.2940727645541545,0.6668837695859565,5,2537,28,0.3535744033076207,0.714517077805543
sunk_extension,fully_shared,observable,"{""penalty"": 0.01}",0.524033990618239,24,0.574801499776883,0.200734671375881,0.6105150237190164,0.301137678837697,0.672429432989059,5,2537,29,0.3618730345266261,0.7301282739988036
time_only,task_specific,observable,"{""penalty"": 0.01}",0.537041154746964,15,0.574904214938309,0.201768918781097,0.6823495893061023,0.29380703523757873,0.7084809085064078,5,2537,30,0.35825452237162847,0.7295637645266166
competitive_time_reward,fully_shared,observable,"{""history_decay"": 0.0, ""penalty"": 0.01}",0.519823551622424,14,0.57573778831253,0.200034921603551,0.6312902029812371,0.30973291599121316,0.6818720645387556,5,2537,31,0.368648027876803,0.7254118498153957
perseveration,fully_shared,observable,"{""history_decay"": 0.95, ""penalty"": 0.01}",0.524212283544834,24,0.57692875655485,0.202112922113701,0.6090304285773209,0.29834241982292176,0.6598207075659148,5,2537,32,0.3628185600089261,0.7317529203944992
latent_commitment,fully_shared,observable,"{""penalty"": 0.01, ""rho"": 0.0}",0.526314305244346,22,0.577398737396131,0.201463986044722,0.5790343129224247,0.30691859605180366,0.669744653621843,5,2537,33,0.36739837872629877,0.7310836946798185
immediate_state,fully_shared,observable,"{""penalty"": 0.01}",0.526314305244346,22,0.577398737396131,0.201463986044722,0.5790343129224247,0.30691859605180366,0.669744653621843,5,2537,34,0.3690234851348416,0.7175492654093986
option_termination,task_specific,observable,"{""penalty"": 0.01}",0.532058908815919,15,0.582598901836895,0.205034506098986,0.5492316332329344,0.30208769394495366,0.7119887187406939,5,2537,35,0.3643558986578067,0.7307924759057329
dynamic_reevaluation,task_specific,observable,"{""penalty"": 0.01}",0.540568897324547,15,0.584897469560177,0.20617911834606,0.5190265208849649,0.30346746385860196,0.7251469850838285,5,2537,36,0.3650358786902015,0.7263882034361085
dynamic_reevaluation_oracle,task_specific,oracle,"{""penalty"": 0.01}",0.538513678667842,15,0.584908554449924,0.206132611237919,0.5326621708242945,0.3025199733315423,0.7248194623740304,5,2537,37,0.35756888606423176,0.7276027151391578
intercept,task_specific,observable,"{""penalty"": 10.0}",0.550563115345848,5,0.586333383013299,0.206774208465499,0.5,0.30310416481785896,0.7363090535888155,5,2537,38,0.36498312226594526,0.7393032718073591
option_termination,hierarchical,observable,"{""penalty"": 0.01}",0.537667386309913,18,0.589505938897861,0.207019932533299,0.5492316332329344,0.31501164472631127,0.6857403280802771,5,2537,39,0.3894971852096387,0.7370192299441811
option_termination,fully_shared,observable,"{""penalty"": 0.01}",0.538824799040219,8,0.589636844158942,0.206792187057252,0.5492752404193988,0.31788328558350715,0.6856218083360721,5,2537,40,0.37362857520511883,0.7352611435705153
time_only,hierarchical,observable,"{""penalty"": 0.01}",0.556296506643438,18,0.59366145172276,0.208650097058803,0.6884101953667084,0.31971899474778326,0.7093325544764189,5,2537,41,0.38996714159443513,0.7362519947675619
time_only,fully_shared,observable,"{""penalty"": 0.01}",0.559194665745574,8,0.59623707615196,0.20962041846317,0.4575528413386228,0.3235526234302266,0.7137419366176138,5,2537,42,0.3852260386398682,0.7372930213461586
intercept,fully_shared,observable,"{""penalty"": 0.01}",0.558839426819374,6,0.59639149967307,0.209654972830764,0.5,0.3238347420656603,0.7149409673042275,5,2537,43,0.3855470418979453,0.7403706770404326
dynamic_reevaluation_oracle,hierarchical,oracle,"{""penalty"": 0.01}",0.546033952310882,18,0.596773401008198,0.210081034587798,0.5326690607237019,0.32045571737245665,0.7002169860154707,5,2537,44,0.38684687196237755,0.74386001358762
dynamic_reevaluation_oracle,fully_shared,oracle,"{""penalty"": 0.01}",0.546135100856345,8,0.596885089294614,0.210100959934107,0.5328171935609626,0.3208393551082751,0.7004762208043438,5,2537,45,0.38015366406632106,0.7372026075842714
dynamic_reevaluation,hierarchical,observable,"{""penalty"": 0.01}",0.552292986465419,18,0.597724745742173,0.210441750865203,0.5462992481576923,0.32168042040771805,0.7047707377516228,5,2537,46,0.3853231169042064,0.7490298223772147
dynamic_reevaluation,fully_shared,observable,"{""penalty"": 0.01}",0.554187646069677,8,0.600685816348516,0.211604143860665,0.5473093491677933,0.32230671181162157,0.7076378842295769,5,2537,47,0.38533640020781307,0.7590734462467669
intercept,hierarchical,observable,"{""penalty"": 0.01}",0.566603798169473,6,0.604929177968593,0.212287338736402,0.5,0.3437396014715585,0.7140567543512583,5,2537,48,0.3985961605077771,0.7488524973015583
