model,sharing,information_set,selected_hyperparameters,task,states,log_loss,brier,auc,calibration_error,calibration_intercept,calibration_slope,deviance_explained,policy_logit_correlation,bootstrap_unit,log_loss_ci_low,log_loss_ci_high
intercept,task_specific,observable,"{""penalty"": 10.0}",bandit,1800,0.15907985985584325,0.035841312210455056,0.5,0.002140984678444112,,,-0.00041769119288126433,-3.8698057227357323e-16,episode,0.12112624713852328,0.22623274303135774
intercept,task_specific,observable,"{""penalty"": 10.0}",foraging,364,0.6320802171394174,0.2200356802468668,0.5,0.030819166943924003,,,-0.003338402988102507,8.107648801824293e-17,episode,0.6173403932336776,0.6494679136030747
intercept,task_specific,observable,"{""penalty"": 10.0}",information_sampling,40,0.7928308063090388,0.29715813694258575,0.5,0.2228410575782338,,,-0.152137897919858,,episode,0.7133583511010049,0.9079682879720887
intercept,task_specific,observable,"{""penalty"": 10.0}",partial_reinforcement,20,0.6859437229702623,0.2464000861091003,0.5,0.08000053818006658,,,-0.019215203234846934,,episode,0.6774688410463634,0.6922077661314051
intercept,task_specific,observable,"{""penalty"": 10.0}",solvability,313,0.6617323087919345,0.23443582681848527,0.5,0.019020593794466523,,,-0.0011863951052835109,-2.4068673267677717e-17,episode,0.629680184185958,0.6995698778137724
intercept,fully_shared,observable,"{""penalty"": 0.01}",bandit,1800,0.18803986832618155,0.03993956907099911,0.5,0.06405342048585214,,,-0.1825407131585557,-3.8698057227357323e-16,episode,0.16322187588515627,0.23541115244237423
intercept,fully_shared,observable,"{""penalty"": 0.01}",foraging,364,0.6308789820611848,0.21948914723829893,0.5,0.020082032829115304,,,-0.0014316113304519984,,episode,0.6154523319109393,0.6482865937317158
intercept,fully_shared,observable,"{""penalty"": 0.01}",information_sampling,40,0.7986230218778827,0.29969672147273585,0.5,0.22846601820125428,,,-0.16055511760491803,,episode,0.7163215347753916,0.9355237342792866
intercept,fully_shared,observable,"{""penalty"": 0.01}",partial_reinforcement,20,0.7015357804821325,0.25419216303879066,0.5,0.11913086518107185,,,-0.042382791965007494,0.0,episode,0.6955440628830637,0.7096422219396963
intercept,fully_shared,observable,"{""penalty"": 0.01}",solvability,313,0.662879845617969,0.2349572633329971,0.5,0.029719009115479367,,,-0.0029225930252634313,,episode,0.6273167309003497,0.7076473011460929
intercept,hierarchical,observable,"{""penalty"": 0.01}",bandit,1800,0.2158777224676766,0.04579992464358593,0.5,0.09981581161581671,,,-0.3576067573028969,-3.8698057227357323e-16,episode,0.19325232913825208,0.25380720875309587
intercept,hierarchical,observable,"{""penalty"": 0.01}",foraging,364,0.6305059233885887,0.21932124746209158,0.5,0.015342368342020851,,,-0.0008394331818029066,-8.107648801824293e-17,episode,0.6140805255889807,0.6498819914515995
intercept,hierarchical,observable,"{""penalty"": 0.01}",information_sampling,40,0.7998686756329961,0.30023967116831835,0.5,0.2296511945719386,,,-0.16236529562465685,,episode,0.7106407490713218,0.9199731281016429
intercept,hierarchical,observable,"{""penalty"": 0.01}",partial_reinforcement,20,0.7148417117472665,0.260816278076649,0.5,0.14427847405849892,,,-0.062153520939533635,,episode,0.7009442183358716,0.7336442028332714
intercept,hierarchical,observable,"{""penalty"": 0.01}",solvability,313,0.6635518566064361,0.23525957233136283,0.5,0.034431504486032216,,,-0.003939330836120636,,episode,0.6280087483916063,0.7100504483988983
time_only,task_specific,observable,"{""penalty"": 0.01}",bandit,1800,0.15364864094756153,0.035476515901659664,0.7696040857455365,0.032058553856888966,0.570501575936689,0.16017312340000342,0.03373803087973104,-0.7468452876642184,episode,0.11561611885898948,0.22033286811197697
time_only,task_specific,observable,"{""penalty"": 0.01}",foraging,364,0.5979846692508958,0.2043412489199523,0.7286585365853658,0.10905327708968518,0.730784482010534,0.7042995650597481,0.05078348160796009,-0.7464600045041929,episode,0.5815458279902218,0.6168583920200095
time_only,task_specific,observable,"{""penalty"": 0.01}",information_sampling,40,0.7925610754776313,0.2970393327622025,0.48484848484848486,0.22253522959963068,-25.44790036277699,-36.124540977999516,-0.15174592637860473,-0.8714707263197387,episode,0.7073466299253756,0.9242959972311859
time_only,task_specific,observable,"{""penalty"": 0.01}",partial_reinforcement,20,0.6721509269492937,0.2395148913807467,0.8333333333333333,0.08541740654921748,0.20779625883560643,6.717508807204273,0.001278937798786739,-0.9471237584991619,episode,0.669862600989062,0.6752468973660776
time_only,task_specific,observable,"{""penalty"": 0.01}",solvability,313,0.658175762066164,0.23247260494092328,0.5953035060177917,0.1425178691086581,0.5188766022521311,0.24158692678885008,0.004194581685615706,-0.0325544766425654,episode,0.6312752881616612,0.6940962629803556
time_only,fully_shared,observable,"{""penalty"": 0.01}",bandit,1800,0.18751322538250723,0.03984466219265084,0.7696040857455365,0.07628447833323501,5.320758661447609,2.4178909611554977,-0.1792287733676159,-0.7468452876642184,episode,0.16052351112779442,0.23209431375326534
time_only,fully_shared,observable,"{""penalty"": 0.01}",foraging,364,0.63198547155813,0.2199884029173471,0.27134146341463417,0.1520380124227238,-16.79279234089309,-26.556481344618188,-0.0031880077097161674,0.7464600045041927,episode,0.615613825787145,0.650008596619317
time_only,fully_shared,observable,"{""penalty"": 0.01}",information_sampling,40,0.7973338515426784,0.29913289577190305,0.48484848484848486,0.22703397736901604,-4.721572328497438,-7.122020607804216,-0.1586817015012003,-0.8714707263197325,episode,0.7101380994045452,0.9319817659001797
time_only,fully_shared,observable,"{""penalty"": 0.01}",partial_reinforcement,20,0.7018747517318543,0.2543614098958074,0.16666666666666666,0.11864757237101359,-13.395652933662953,-187.54654267220292,-0.04288645522426138,0.9471237584991619,episode,0.696290122526179,0.7094304265395327
time_only,fully_shared,observable,"{""penalty"": 0.01}",solvability,313,0.6624780805446276,0.2347747215381393,0.5953035060177917,0.15057433517084076,2.875706996361637,3.8766654230182738,-0.0023147313263354174,-0.03255447664256582,episode,0.6289469658200734,0.7040435486002847
time_only,hierarchical,observable,"{""penalty"": 0.01}",bandit,1800,0.18358159595588616,0.03917860461148711,0.7696040857455365,0.07286903219871971,0.8199857819397183,0.35326986896890356,-0.15450363445203896,-0.746845287664218,episode,0.1560741210451957,0.23323385912024525
time_only,hierarchical,observable,"{""penalty"": 0.01}",foraging,364,0.6253488845314519,0.21697643874795744,0.7286585365853658,0.14516352859071005,3.4608607973630225,4.958798244701149,0.007346640342985156,-0.7464600045041939,episode,0.60942458442235,0.6430031971292348
time_only,hierarchical,observable,"{""penalty"": 0.01}",information_sampling,40,0.7980398856160762,0.29944218229433545,0.5151515151515151,0.2279152815472152,145.41813072133502,194.66088097711858,-0.15970770680612945,0.8714707263198048,episode,0.7095761683770361,0.9345164691932143
time_only,hierarchical,observable,"{""penalty"": 0.01}",partial_reinforcement,20,0.6995454600522586,0.253198347120939,0.8333333333333333,0.11887089369545423,4.906446198206724,57.02387243795888,-0.03942545775010675,-0.9471237584991621,episode,0.6927947418824306,0.7086787846349671
time_only,hierarchical,observable,"{""penalty"": 0.01}",solvability,313,0.6617914324581289,0.23445491251929473,0.5953035060177917,0.14959326051686295,1.2013107984438298,1.2776676774937752,-0.0012758479088359476,-0.03255447664256579,episode,0.6291232571705582,0.7056003893468518
immediate_state,task_specific,observable,"{""penalty"": 0.01}",bandit,1800,0.1526801506984895,0.03539818696084223,0.7858385510416757,0.025504148754800324,0.5897340877319068,0.1654648253015504,0.03982864964063182,-0.7280649937034692,episode,0.11428769330296007,0.2157865458656784
immediate_state,task_specific,observable,"{""penalty"": 0.01}",foraging,364,0.5830271359218371,0.1975215435253752,0.727917872399063,0.12497398373980659,0.6115470503082139,0.48866327162346274,0.07452646105278093,-0.6818391056375891,episode,0.566243961088824,0.6028768784834697
immediate_state,task_specific,observable,"{""penalty"": 0.01}",information_sampling,40,0.7911940143709066,0.29354950795710516,0.4646464646464647,0.246132286083108,0.5358706585978552,-0.024609430447559772,-0.14975931978196888,-0.17707144983988607,episode,0.7117671633854108,0.9072685945417593
immediate_state,task_specific,observable,"{""penalty"": 0.01}",partial_reinforcement,20,0.6691721129693067,0.2380722714130444,0.7083333333333333,0.4868714957205602,0.5423981428275226,1.2633569413257515,0.005705033401593007,-0.6659466299606253,episode,0.6543507259186803,0.6898259044545784
immediate_state,task_specific,observable,"{""penalty"": 0.01}",solvability,313,0.5297965520386401,0.1742368848012776,0.8143206000348858,0.121439380609565,0.578176286115553,0.36115951080969877,0.1984294962971892,-0.729865515714805,episode,0.5047880510667839,0.5575654012570112
immediate_state,fully_shared,observable,"{""penalty"": 0.01}",bandit,1800,0.17597307277060326,0.03794688742369263,0.5442076978064094,0.046225269875538565,0.12386149236647029,0.036023290092148774,-0.1066553323143209,0.2325100563728449,episode,0.14817807726847307,0.2238463896633055
immediate_state,fully_shared,observable,"{""penalty"": 0.01}",foraging,364,0.6117071408211844,0.21074493638820951,0.6459625189472233,0.12988416948420833,0.7424183865852086,0.5609030761562009,0.029000988916298875,-0.344959213936787,episode,0.5924753392918676,0.6356537266945123
immediate_state,fully_shared,observable,"{""penalty"": 0.01}",information_sampling,40,0.7821152660264694,0.2915808329371633,0.5252525252525253,0.2793977176246087,0.5754155267516038,0.03878481450421042,-0.13656612654317568,-0.36765572995375423,episode,0.710619355286629,0.8854330904377855
immediate_state,fully_shared,observable,"{""penalty"": 0.01}",partial_reinforcement,20,0.6973655344984997,0.25206530220718903,0.5,0.49801802116337984,0.6154362911885115,-0.13648013480271587,-0.03618639718010774,0.023431190639785687,episode,0.6830058473240256,0.7083803774489551
immediate_state,fully_shared,observable,"{""penalty"": 0.01}",solvability,313,0.6198326728638986,0.2149819712673563,0.6797488226059655,0.13470586071610505,0.621061722498654,0.479985544517276,0.062206830363179866,-0.5374371949528093,episode,0.5950503809985863,0.6492542460861291
immediate_state,hierarchical,observable,"{""penalty"": 0.01}",bandit,1800,0.16355661425260198,0.03628417483690255,0.49290764871545334,0.024161642447264688,-0.005975433879732786,-0.015079789629385705,-0.028570999233895833,0.3849561356307529,episode,0.12989275579356935,0.22123792494936376
immediate_state,hierarchical,observable,"{""penalty"": 0.01}",foraging,364,0.6051563849820784,0.20758058946558264,0.6687680859859446,0.11929480088841966,0.697499520776548,0.5767678977607325,0.03939939203626852,-0.46073040207508903,episode,0.5880740771736828,0.6255087642765493
immediate_state,hierarchical,observable,"{""penalty"": 0.01}",information_sampling,40,0.7909618209478516,0.2952283101340213,0.5277777777777778,0.29232717963883503,0.5769939196739935,0.0390165745233734,-0.14942189742120715,-0.25435736493914424,episode,0.7125913069880123,0.9171046376710381
immediate_state,hierarchical,observable,"{""penalty"": 0.01}",partial_reinforcement,20,0.6826586325782158,0.24477641923953025,0.625,0.490736653366695,0.5930041630556362,0.040570524013376665,-0.01433402427008268,-0.05446881313050092,episode,0.6649063134250239,0.6936888429005169
immediate_state,hierarchical,observable,"{""penalty"": 0.01}",solvability,313,0.5945435412020816,0.2034846181637555,0.7501744287458573,0.1247153493518784,0.629932989666952,0.45570959217806656,0.10046872906064619,-0.6241345266928434,episode,0.5681511573812532,0.6239020775716528
finite_history,task_specific,observable,"{""history_lag"": 2, ""penalty"": 0.01}",bandit,1800,0.12885446543864637,0.03276435120715461,0.8498893300376364,0.017013516262687656,0.12834915902185914,0.02094557682757909,0.18966306023377777,-0.8195263478451248,episode,0.09311397201035204,0.18899053096569074
finite_history,task_specific,observable,"{""history_lag"": 2, ""penalty"": 0.01}",foraging,364,0.5419095319633164,0.18175756789695682,0.7624190436819622,0.08181505845371943,0.4642638414794424,0.22681584162155546,0.13979487156742276,-0.8291057059494227,episode,0.509663735015573,0.578880024114627
finite_history,task_specific,observable,"{""history_lag"": 2, ""penalty"": 0.01}",information_sampling,40,0.8016361252080237,0.2982312877100363,0.5202020202020201,0.20957427410551965,0.5996510395666294,0.06970527721921031,-0.16493374480933443,-0.8559205024277992,episode,0.7360733182653753,0.8869977323791604
finite_history,task_specific,observable,"{""history_lag"": 2, ""penalty"": 0.01}",partial_reinforcement,20,0.6056578255579013,0.21040320955387853,0.75,0.3476314056058212,0.5375851574586508,0.13424122077756262,0.10007826721736268,-0.687428875976719,episode,0.35902877632425145,0.8894227228025099
finite_history,task_specific,observable,"{""history_lag"": 2, ""penalty"": 0.01}",solvability,313,0.5163561934453822,0.17416910702024324,0.7940650619222048,0.05603117273385445,0.5338770898577233,0.1961788362937907,0.2187644625518551,-0.6791397683979703,episode,0.4714857724101292,0.5620290834394793
finite_history,fully_shared,observable,"{""history_lag"": 5, ""penalty"": 0.01}",bandit,1800,0.15751810156613202,0.03884234286159134,0.7914667860926183,0.04814215438965517,0.09495931068872981,0.016504197251845723,0.00940385770595531,-0.7940930491447922,episode,0.12516508303140633,0.21210569513261332
finite_history,fully_shared,observable,"{""history_lag"": 5, ""penalty"": 0.01}",foraging,364,0.6252682138740112,0.21627009625031454,0.5671248449772633,0.1119601607315972,0.4173763456961397,0.12804492981764806,0.007474693660285303,-0.13242555037020762,episode,0.5985519771992615,0.6549250052536789
finite_history,fully_shared,observable,"{""history_lag"": 5, ""penalty"": 0.01}",information_sampling,40,0.782862604552772,0.2918669091656811,0.5101010101010102,0.20805435763327607,0.5947877064645892,0.06746759888802217,-0.1376521552795429,-0.6733541374795273,episode,0.6977906216502551,0.8834534069305434
finite_history,fully_shared,observable,"{""history_lag"": 5, ""penalty"": 0.01}",partial_reinforcement,20,0.6156752140518655,0.21588969833104055,0.6666666666666667,0.40579896169165963,0.5923535184821024,0.15582104000922017,0.0851938469539224,-0.6317234085144912,episode,0.4364684281350702,0.8260001365222495
finite_history,fully_shared,observable,"{""history_lag"": 5, ""penalty"": 0.01}",solvability,313,0.5963946828419275,0.20494633622370903,0.7320338391766964,0.141802019958157,0.5914642832937174,0.328376723777856,0.09766799256855907,-0.5714431334634236,episode,0.5555374657657093,0.6449593286977682
finite_history,hierarchical,observable,"{""history_lag"": 2, ""penalty"": 0.01}",bandit,1800,0.13612362695372507,0.033948405742290313,0.8164773363419486,0.011814613755720207,0.1094579030616282,0.01640984999588711,0.14394892780737767,-0.799346731420419,episode,0.10079948114070869,0.1972909176853519
finite_history,hierarchical,observable,"{""history_lag"": 2, ""penalty"": 0.01}",foraging,364,0.5567086789591277,0.18668257317595408,0.7598008819071241,0.11925966948036693,0.46314034424167416,0.24567769235463385,0.11630330813966183,-0.7514334695472602,episode,0.5242759279616821,0.5889163620023941
finite_history,hierarchical,observable,"{""history_lag"": 2, ""penalty"": 0.01}",information_sampling,40,0.7943319048699568,0.2962586721392954,0.5328282828282829,0.25447031987005536,0.6092449328819701,0.08336442521898539,-0.15431928709745302,-0.8385079869773314,episode,0.7244714109281831,0.8861850448405286
finite_history,hierarchical,observable,"{""history_lag"": 2, ""penalty"": 0.01}",partial_reinforcement,20,0.5299136344925672,0.1821106692493834,0.9166666666666667,0.3419586994179375,0.5210569764933135,0.18546132821028075,0.21262340540482927,-0.7113366936564628,episode,0.3272356118195262,0.7434518614757835
finite_history,hierarchical,observable,"{""history_lag"": 2, ""penalty"": 0.01}",solvability,313,0.5572178140096486,0.1878364005326886,0.7484083376940521,0.1080295144997148,0.5509907703851391,0.24136389342652037,0.15694173144539947,-0.6094538220618482,episode,0.516437921550227,0.6017313658963513
exponential_reward,task_specific,observable,"{""history_decay"": 0.0, ""penalty"": 0.01}",bandit,1800,0.14917668333011763,0.03511320413450765,0.8016251690193006,0.02734635131230028,0.45231167264831484,0.12272141008216539,0.06186117304750638,-0.7186642067303526,episode,0.11229259449514015,0.2176507605260903
exponential_reward,task_specific,observable,"{""history_decay"": 0.0, ""penalty"": 0.01}",foraging,364,0.5830575455278508,0.19753499485517179,0.7278145239079509,0.12468354904354677,0.6098986250931224,0.48578624703167833,0.0744781900822522,-0.6787778075262546,episode,0.5647969978200623,0.6028448345416298
exponential_reward,task_specific,observable,"{""history_decay"": 0.0, ""penalty"": 0.01}",information_sampling,40,0.79143099899623,0.29367753097257093,0.4646464646464647,0.24697350709626162,0.5392432017356624,-0.018610799325028567,-0.1501037046947229,-0.19805786800881847,episode,0.7098554417653418,0.9089179214099902
exponential_reward,task_specific,observable,"{""history_decay"": 0.0, ""penalty"": 0.01}",partial_reinforcement,20,0.6773526230103257,0.22082901753242923,0.75,0.40712241668348315,0.609925775131192,0.12193989496362341,-0.006450045688449757,-0.7183578436812277,episode,0.4075916857194914,1.0772119383529204
exponential_reward,task_specific,observable,"{""history_decay"": 0.0, ""penalty"": 0.01}",solvability,313,0.5004579033580348,0.1638873796992036,0.8245682888540031,0.10672442887122498,0.5386480858772266,0.24918059980853619,0.24281822497120564,-0.8163991214000973,episode,0.4571068206274895,0.5450790856985122
exponential_reward,fully_shared,observable,"{""history_decay"": 0.0, ""penalty"": 0.01}",bandit,1800,0.17027830615573503,0.037919197346684384,0.6362833840032383,0.048221760097953655,0.12890098826901153,0.03616432529256227,-0.0708422176064536,-0.271145136920049,episode,0.14164077636888348,0.21806574668626472
exponential_reward,fully_shared,observable,"{""history_decay"": 0.0, ""penalty"": 0.01}",foraging,364,0.6304672402924836,0.21688917235832378,0.6275664875292821,0.1315419671637936,0.40878587164203667,0.10068665241918043,-0.0007780292099393016,-0.09457666282112508,episode,0.5971235202904795,0.6694023381314087
exponential_reward,fully_shared,observable,"{""history_decay"": 0.0, ""penalty"": 0.01}",information_sampling,40,0.7791332443454936,0.29008271239363637,0.4747474747474747,0.2687794081809854,0.5137407419974584,-0.058944244711627694,-0.13223266704118486,-0.18880052820582477,episode,0.7062826693478768,0.8895710369325431
exponential_reward,fully_shared,observable,"{""history_decay"": 0.0, ""penalty"": 0.01}",partial_reinforcement,20,0.658837729667175,0.23085779574049764,0.75,0.46503796168179357,0.6015895262296844,0.2455213687204607,0.021060463045265987,-0.673097133385309,episode,0.5449156384927393,0.8063378598356594
exponential_reward,fully_shared,observable,"{""history_decay"": 0.0, ""penalty"": 0.01}",solvability,313,0.5714966732069559,0.19340081767484935,0.7702337345194489,0.14050393185274987,0.6024616371555139,0.4081734182948809,0.13533813226181646,-0.7485526562542076,episode,0.541622757974246,0.6075661980212965
exponential_reward,hierarchical,observable,"{""history_decay"": 0.0, ""penalty"": 0.01}",bandit,1800,0.15662338861897235,0.03578288119474592,0.6152948471721025,0.027400683572942227,0.13647815560356555,0.03255947181802297,0.015030507501152424,-0.1898608072778192,episode,0.12415851715948796,0.21363292013256527
exponential_reward,hierarchical,observable,"{""history_decay"": 0.0, ""penalty"": 0.01}",foraging,364,0.6151442278180231,0.21176958303569804,0.6520945294198703,0.13874359117978605,0.4446363618211052,0.17681783037834825,0.02354509695064544,-0.19450239721166143,episode,0.5886417052604116,0.644185892664597
exponential_reward,hierarchical,observable,"{""history_decay"": 0.0, ""penalty"": 0.01}",information_sampling,40,0.7889709382375372,0.294175688654421,0.4722222222222222,0.2765579196310446,0.5289522526628684,-0.03188158766005435,-0.1465287562836355,-0.12161397774017725,episode,0.7087117344621718,0.9080761122203599
exponential_reward,hierarchical,observable,"{""history_decay"": 0.0, ""penalty"": 0.01}",partial_reinforcement,20,0.6428808338197344,0.22170466119078255,0.7500000000000001,0.44290555997647246,0.5909595628167593,0.2042917026884783,0.04477014985998384,-0.6975184280835165,episode,0.49370824359387,0.8498136884325695
exponential_reward,hierarchical,observable,"{""history_decay"": 0.0, ""penalty"": 0.01}",solvability,313,0.5454134207489669,0.182663974026339,0.796485260770975,0.13551332078715175,0.571937591582821,0.31816470395720703,0.1748015182172481,-0.7749167824908306,episode,0.5102761116001306,0.5843093197475703
perseveration,task_specific,observable,"{""history_decay"": 0.0, ""penalty"": 0.01}",bandit,1800,0.15243874064260954,0.03537664042890474,0.8054663210204028,0.026864896699506428,0.6298144753360394,0.17749359145609947,0.041346823537396826,-0.7449437065851661,episode,0.11440934592438147,0.2206879806462286
perseveration,task_specific,observable,"{""history_decay"": 0.0, ""penalty"": 0.01}",foraging,364,0.5503463564266269,0.18515416457502906,0.7541683891415186,0.08961326293659765,0.4911980474554247,0.2664231075062083,0.12640259990035707,-0.8164065827068948,episode,0.5280288810048899,0.5771951552274704
perseveration,task_specific,observable,"{""history_decay"": 0.0, ""penalty"": 0.01}",information_sampling,40,0.7947470643612137,0.2938749813749438,0.5353535353535354,,0.5440482587973418,-0.010646574513467703,-0.15492259486469928,-0.5313479373228881,episode,0.7116825210495488,0.9004976220696594
perseveration,task_specific,observable,"{""history_decay"": 0.0, ""penalty"": 0.01}",partial_reinforcement,20,0.6691760336922629,0.23807421770265544,0.7083333333333333,0.4868736570157984,0.5423950251570562,1.2633616441850557,0.00569920776268007,-0.6658861141073438,episode,0.6546173237880688,0.6912224704809214
perseveration,task_specific,observable,"{""history_decay"": 0.0, ""penalty"": 0.01}",solvability,313,0.5243350848782024,0.1719895970742694,0.8216902145473575,0.1135931718152221,0.576218243363267,0.35460086003359065,0.20669257571116983,-0.7545617844505059,episode,0.49914021322280544,0.5505430087112476
perseveration,fully_shared,observable,"{""history_decay"": 0.95, ""penalty"": 0.01}",bandit,1800,0.1629368974915235,0.03612012835483146,0.7633428357347711,0.04102343025561049,0.37523969928035694,0.13327292550292588,-0.024673739003257644,-0.5911730770517951,episode,0.13300172096257887,0.21354504480676922
perseveration,fully_shared,observable,"{""history_decay"": 0.95, ""penalty"": 0.01}",foraging,364,0.6173506192475764,0.2132076460874075,0.6126154058150751,0.11801795573770339,0.6541910548134064,0.4610828209967111,0.020042761023548628,-0.21699533761359532,episode,0.5962391205888439,0.6394787976151272
perseveration,fully_shared,observable,"{""history_decay"": 0.95, ""penalty"": 0.01}",information_sampling,40,0.7778274981341454,0.2896951663205173,0.5151515151515151,0.24413077470688893,0.5732528161893891,0.03661178081676482,-0.13033516295432546,-0.42567846930311093,episode,0.7100888615988814,0.8755500758587034
perseveration,fully_shared,observable,"{""history_decay"": 0.95, ""penalty"": 0.01}",partial_reinforcement,20,0.7079314883224835,0.2573254275701971,0.45833333333333337,0.503679475536303,0.6149232881673526,-0.2425782046809666,-0.05188590781554314,-0.005097918649119284,episode,0.6970644388412903,0.7235142169412775
perseveration,fully_shared,observable,"{""history_decay"": 0.95, ""penalty"": 0.01}",solvability,313,0.6185972795785205,0.21421624223555263,0.69570905285191,0.11187851763943726,0.627367809526899,0.5145300069082639,0.06407595316932346,-0.5347719001349682,episode,0.5948503409550221,0.6461270945660904
perseveration,hierarchical,observable,"{""history_decay"": 0.5, ""penalty"": 0.01}",bandit,1800,0.16067975565560086,0.03598239714731667,0.5241880614239822,0.015549377481716677,0.08081226226401565,0.014570417954132083,-0.010479078370322359,0.21345629053302156,episode,0.12538752074682086,0.22204112450616875
perseveration,hierarchical,observable,"{""history_decay"": 0.5, ""penalty"": 0.01}",foraging,364,0.554556454618093,0.18569135380602977,0.7691883698498002,0.09496455076873839,0.5539267869030299,0.37836839378189885,0.11971966143573343,-0.8565954576973519,episode,0.5339477411999723,0.5782746760144393
perseveration,hierarchical,observable,"{""history_decay"": 0.5, ""penalty"": 0.01}",information_sampling,40,0.7874673119829506,0.29364191256358413,0.49242424242424243,0.24221122319890023,0.5752076381658956,0.037383406007437496,-0.1443436938738114,-0.4875914388528497,episode,0.7147491490697333,0.8890199542265792
perseveration,hierarchical,observable,"{""history_decay"": 0.5, ""penalty"": 0.01}",partial_reinforcement,20,0.6791597709956726,0.24304709130133775,0.625,0.488637997725159,0.5780122367293791,0.12022329314517935,-0.009135211598540804,-0.06888030485652231,episode,0.6613779751314307,0.6920395090355848
perseveration,hierarchical,observable,"{""history_decay"": 0.5, ""penalty"": 0.01}",solvability,313,0.5889867563131455,0.20069782885819862,0.7519623233908949,0.13021824301331236,0.6261349751491146,0.4370103392358636,0.10887602209653569,-0.6239449211298848,episode,0.5652375537942813,0.6179756020718993
dual_history,task_specific,observable,"{""history_decay"": 0.0, ""penalty"": 0.01}",bandit,1800,0.1489460466704709,0.03509081828931575,0.8044672770021789,0.026143748048590182,0.46992144082658466,0.12794963600409928,0.06331159546274678,-0.7282660463819912,episode,0.1113979810769752,0.21435423740498363
dual_history,task_specific,observable,"{""history_decay"": 0.0, ""penalty"": 0.01}",foraging,364,0.54682400045941,0.1834889543008189,0.758130081300813,0.09448063653801854,0.49073424977971086,0.26652533221588726,0.13199384435805772,-0.8196994615582683,episode,0.5213444164709339,0.5756693857291936
dual_history,task_specific,observable,"{""history_decay"": 0.0, ""penalty"": 0.01}",information_sampling,40,0.7950154018271777,0.2940734419235434,0.5252525252525253,,0.5452392875472329,-0.008480321464500793,-0.15531254157402063,-0.5323895911298093,episode,0.7134278721057291,0.8988679995414819
dual_history,task_specific,observable,"{""history_decay"": 0.0, ""penalty"": 0.01}",partial_reinforcement,20,0.677360927073727,0.22082996226283216,0.75,0.4071185301052796,0.6099223262200756,0.12193094358013992,-0.006462384350330863,-0.7183601706810986,episode,0.4087817089154805,1.091346902917552
dual_history,task_specific,observable,"{""history_decay"": 0.0, ""penalty"": 0.01}",solvability,313,0.4917103826678827,0.1606787588593319,0.8400488400488401,0.10651020486849776,0.5436278419937454,0.2466580301341395,0.25605303093356035,-0.8425759373375873,episode,0.4511438598412147,0.5334350526228838
dual_history,fully_shared,observable,"{""history_decay"": 0.0, ""penalty"": 0.01}",bandit,1800,0.16975175099783468,0.037834325333491126,0.6602948902343446,0.046680979810680256,0.13472577973938704,0.03853301320014799,-0.06753082988063008,-0.29728576002743656,episode,0.14379959243885432,0.21306596336497438
dual_history,fully_shared,observable,"{""history_decay"": 0.0, ""penalty"": 0.01}",foraging,364,0.6183502803083003,0.2116118838297824,0.6559528730880528,0.12404359272847568,0.43801390812202173,0.136444340046474,0.018455939754666972,-0.18160017417326282,episode,0.5843862048863343,0.6551694655075251
dual_history,fully_shared,observable,"{""history_decay"": 0.0, ""penalty"": 0.01}",information_sampling,40,0.7826286008318644,0.29163563771263284,0.42424242424242425,,0.5126452874387478,-0.059485321323531556,-0.13731210220268641,0.02982029487101142,episode,0.7102506683304004,0.8979830688888268
dual_history,fully_shared,observable,"{""history_decay"": 0.0, ""penalty"": 0.01}",partial_reinforcement,20,0.6588810853565976,0.23092971791436973,0.75,0.4648876869185358,0.5979930978552539,0.23873208379466368,0.020996042632444145,-0.6667476171423944,episode,0.5447561768539837,0.8063134433093757
dual_history,fully_shared,observable,"{""history_decay"": 0.0, ""penalty"": 0.01}",solvability,313,0.5778681372244661,0.19613976824402046,0.7635182278039421,0.10936956760138782,0.5932912717334516,0.3902163167626913,0.1256982476642522,-0.7115511264377038,episode,0.5462433463813974,0.6147869516615362
dual_history,hierarchical,observable,"{""history_decay"": 0.25, ""penalty"": 0.01}",bandit,1800,0.15338548089117449,0.035366217311239324,0.6727700217894945,0.022315139426990056,0.15138155897957623,0.03611791344101061,0.03539298566950455,-0.24437335145062125,episode,0.11898865320352206,0.21322028170498555
dual_history,hierarchical,observable,"{""history_decay"": 0.25, ""penalty"": 0.01}",foraging,364,0.5640780454632418,0.1891999919177465,0.7256786550916356,0.130576851430683,0.5318520950501968,0.3260817882742812,0.10460547577791746,-0.6585561464057174,episode,0.539212796753188,0.5920769079266901
dual_history,hierarchical,observable,"{""history_decay"": 0.25, ""penalty"": 0.01}",information_sampling,40,0.7855089095944703,0.2925869877141035,0.4444444444444444,0.33424746183893506,0.5274306149214921,-0.03517633062944461,-0.14149775298303147,-0.3136073674381181,episode,0.7122520091476627,0.9014456416694061
dual_history,hierarchical,observable,"{""history_decay"": 0.25, ""penalty"": 0.01}",partial_reinforcement,20,0.6597094811164727,0.2249747284856504,0.7916666666666666,0.4401547482292151,0.6056095831803835,0.1669572338698883,0.01976516388177363,-0.6810620127539687,episode,0.4800030642999667,0.9038988805985565
dual_history,hierarchical,observable,"{""history_decay"": 0.25, ""penalty"": 0.01}",solvability,313,0.5456086811787388,0.18253355852784864,0.7865210186638758,0.11526661880035391,0.5663419109339642,0.30215730090493575,0.17450609349158086,-0.7581320298660037,episode,0.5099724024227771,0.5847117901066196
dynamic_reevaluation,task_specific,observable,"{""penalty"": 0.01}",bandit,1800,0.15868653357506463,0.03581418930875747,0.6307283547639757,0.01967856943875642,3.45365100729742,1.0298456563675975,0.0020558498955921545,-0.11700931461368741,episode,0.12019177811838057,0.2319255034901673
dynamic_reevaluation,task_specific,observable,"{""penalty"": 0.01}",foraging,364,0.627223088882978,0.21777641442773962,0.560011023839052,0.12659580200835302,0.4738613075257594,0.25477868715646673,0.004371604659312189,-0.24300381840244528,episode,0.6132204172126875,0.6431339068151628
dynamic_reevaluation,task_specific,observable,"{""penalty"": 0.01}",information_sampling,40,0.7767193439782194,0.2898464744615471,0.4292929292929293,,0.44085467164428416,-0.1860663467153771,-0.1287247986879272,-0.2631518662362598,episode,0.7134309906928065,0.8718384211290392
dynamic_reevaluation,task_specific,observable,"{""penalty"": 0.01}",partial_reinforcement,20,0.6872984850017179,0.24707713101413625,0.4583333333333333,,0.6460053510233047,-0.5648462344330137,-0.021228187701336054,0.0414568328757049,episode,0.678247756195631,0.6936180925040334
dynamic_reevaluation,task_specific,observable,"{""penalty"": 0.01}",solvability,313,0.6745598963629067,0.2403813825181202,0.5167669631955346,0.18615389946253744,0.3811631546431946,0.013412585566073693,-0.020594252311961325,-0.2274965583205261,episode,0.6423920736206645,0.7144180842104011
dynamic_reevaluation,fully_shared,observable,"{""penalty"": 0.01}",bandit,1800,0.1857339596709425,0.03952742298551578,0.6307283547639757,0.061917971113379607,1.1270269081750313,0.49368196703685585,-0.16803936889620585,-0.11700931461368817,episode,0.16006651758049986,0.22797037852798008
dynamic_reevaluation,fully_shared,observable,"{""penalty"": 0.01}",foraging,364,0.6265010077329498,0.21748172734922386,0.560011023839052,0.12252656585220807,0.5717689180670954,0.3846267970497943,0.0055178068789858425,-0.24300381840244537,episode,0.6109779068767085,0.6446594322501422
dynamic_reevaluation,fully_shared,observable,"{""penalty"": 0.01}",information_sampling,40,0.8217139923124488,0.3094424407558086,0.5707070707070707,,0.7863486055357815,0.27623006588015786,-0.19411080429835437,0.26315186623625975,episode,0.7151894741371678,0.9792685111715939
dynamic_reevaluation,fully_shared,observable,"{""penalty"": 0.01}",partial_reinforcement,20,0.7037242465635382,0.2552822765210547,0.4583333333333333,,0.554966665010038,-0.5482424670903463,-0.04563454254925925,0.04145683287570512,episode,0.6959396789231608,0.7159275250082322
dynamic_reevaluation,fully_shared,observable,"{""penalty"": 0.01}",solvability,313,0.6657558754626998,0.2362868516917229,0.5167669631955346,0.18803657139777025,0.38680540908121,0.02249310158514281,-0.007273962777358589,-0.22749655832052615,episode,0.6355793395138624,0.7065143940822369
dynamic_reevaluation,hierarchical,observable,"{""penalty"": 0.01}",bandit,1800,0.1847017287180294,0.03934660522888223,0.6307283547639757,0.06062537171161204,0.9662013835323444,0.4180191834253208,-0.16154789909212797,-0.11700931461368742,episode,0.15917469641998508,0.22908212326040897
dynamic_reevaluation,hierarchical,observable,"{""penalty"": 0.01}",foraging,364,0.6263137859484841,0.21739648292864744,0.560011023839052,0.12185668423092648,0.5645900896780753,0.3708151077230997,0.005814995117340405,-0.2430038184024451,episode,0.6112314857767253,0.6443440370170507
dynamic_reevaluation,hierarchical,observable,"{""penalty"": 0.01}",information_sampling,40,0.8050978156774103,0.30249623355174265,0.5656565656565656,,1.2631983522251753,0.9139989146708511,-0.16996425667757986,0.2631518662362594,episode,0.7162447021430992,0.9431354697043908
dynamic_reevaluation,hierarchical,observable,"{""penalty"": 0.01}",partial_reinforcement,20,0.7035418789053589,0.25519213210276315,0.4583333333333333,,0.5407534017122592,-0.706523741476052,-0.045363570042958434,0.041456832875705424,episode,0.6960835109290826,0.7142773332454967
dynamic_reevaluation,hierarchical,observable,"{""penalty"": 0.01}",solvability,313,0.6689685194615848,0.23777730051398116,0.5167669631955346,0.18719091901081195,0.3836369219191228,0.017365696447223623,-0.012134622323923816,-0.227496558320526,episode,0.6383201259553059,0.7088563201342578
dynamic_reevaluation_oracle,task_specific,oracle,"{""penalty"": 0.01}",bandit,1800,0.15875446837094495,0.035819110899772966,0.6525910551110575,0.013627974532942707,6.270428014353745,1.8791306480617986,0.001628623144777519,-0.2532279385914527,episode,0.11950117737730578,0.22478070647232462
dynamic_reevaluation_oracle,task_specific,oracle,"{""penalty"": 0.01}",foraging,364,0.62107427698316,0.21504563916858058,0.6017121400027559,0.10960974114204311,0.48950494249071486,0.28618419683398133,0.014131978334283257,-0.42780240929893815,episode,0.6070923190958526,0.6373813338057203
dynamic_reevaluation_oracle,task_specific,oracle,"{""penalty"": 0.01}",information_sampling,40,0.7813660100211395,0.29159697097347287,0.48989898989898983,,0.5332756850067923,-0.025909906725630497,-0.13547731133554852,-0.422675709081864,episode,0.7147954635142485,0.8801065596347908
dynamic_reevaluation_oracle,task_specific,oracle,"{""penalty"": 0.01}",partial_reinforcement,20,0.690506748225164,0.24867919727323423,0.41666666666666663,0.08225041367481067,0.7318499582104041,-1.8553310985765126,-0.025995212376707766,-0.10932921679036754,episode,0.6862795524378225,0.6936311972853729
dynamic_reevaluation_oracle,task_specific,oracle,"{""penalty"": 0.01}",solvability,313,0.6728412686492101,0.2395221378745359,0.5024420024420024,0.1909795248441814,0.371127367032002,-0.004811650815797142,-0.017994006468826873,-0.19489415604452934,episode,0.6414375006504938,0.7111036646142065
dynamic_reevaluation_oracle,fully_shared,oracle,"{""penalty"": 0.01}",bandit,1800,0.18387178205620558,0.03920532423193428,0.6525910551110575,0.06290163658993253,0.9391488631730422,0.40480325487080004,-0.15632854999295587,-0.253227938591453,episode,0.15713518924026576,0.22881586068177148
dynamic_reevaluation_oracle,fully_shared,oracle,"{""penalty"": 0.01}",foraging,364,0.6201286472848102,0.2146346416846123,0.6024872536860961,0.10217036174379727,0.5409806142239273,0.34059193431564394,0.01563303241829539,-0.4278024092989383,episode,0.6049983900658886,0.63890314942446
dynamic_reevaluation_oracle,fully_shared,oracle,"{""penalty"": 0.01}",information_sampling,40,0.7968834162892705,0.2984660739276901,0.48989898989898983,,0.5298686056656344,-0.027921152862900398,-0.15802713116679779,-0.422675709081864,episode,0.7222575090369947,0.9020318130351064
dynamic_reevaluation_oracle,fully_shared,oracle,"{""penalty"": 0.01}",partial_reinforcement,20,0.7087046045000316,0.25776531935714425,0.41666666666666663,0.11947427250121034,0.5168852359492929,-1.0650858861340828,-0.0530346489376452,-0.1093292167903675,episode,0.6974020231630093,0.7242832259076303
dynamic_reevaluation_oracle,fully_shared,oracle,"{""penalty"": 0.01}",solvability,313,0.6748369963427526,0.24043344046915605,0.5024420024420024,0.19393485183121242,0.3713502491468544,-0.004434694498778539,-0.021013498472711944,-0.19489415604452925,episode,0.6443985704824209,0.7124011462892699
dynamic_reevaluation_oracle,hierarchical,oracle,"{""penalty"": 0.01}",bandit,1800,0.18343270130796072,0.03913103344665073,0.6525910551110575,0.0622956005836875,0.845485293034647,0.3619563516896275,-0.15356726928272368,-0.2532279385914526,episode,0.15824358368762897,0.2285364091233868
dynamic_reevaluation_oracle,hierarchical,oracle,"{""penalty"": 0.01}",foraging,364,0.6197005402178065,0.21444354798606913,0.6017465894997932,0.10555594803352873,0.5238493182976526,0.3138406020346004,0.016312592147057825,-0.42780240929893826,episode,0.6045882587877727,0.6378908775049474
dynamic_reevaluation_oracle,hierarchical,oracle,"{""penalty"": 0.01}",information_sampling,40,0.7967975076272165,0.2984309844789197,0.48989898989898983,,0.5298298743050489,-0.02798691924137837,-0.15790228911408688,-0.42267570908186397,episode,0.7201676455863126,0.9061829574355411
dynamic_reevaluation_oracle,hierarchical,oracle,"{""penalty"": 0.01}",partial_reinforcement,20,0.7092070048386441,0.25801527502402744,0.41666666666666663,0.11945844216742046,0.5220393141733667,-0.9996947196268113,-0.053781144672028436,-0.1093292167903675,episode,0.6975740616579181,0.7252460691837366
dynamic_reevaluation_oracle,hierarchical,oracle,"{""penalty"": 0.01}",solvability,313,0.6747292510493618,0.24038433200332437,0.5024420024420024,0.19378278327979637,0.371339597674939,-0.00445282257700677,-0.02085048221909047,-0.19489415604452925,episode,0.6427838525928535,0.7137822349623573
option_termination,task_specific,observable,"{""penalty"": 0.01}",bandit,1800,0.1586870415043376,0.035814224876328925,0.6307283547639757,0.019678877265042954,3.4582698036124935,1.0312413338996296,0.0020526556418944963,-0.11700931461368813,episode,0.11974249106752702,0.22662165663758707
option_termination,task_specific,observable,"{""penalty"": 0.01}",foraging,364,0.627223088882978,0.21777641442773962,0.560011023839052,0.12659580200835302,0.47386130752575917,0.2547786871564666,0.004371604659312189,-0.24300381840244528,episode,0.6128387499855386,0.6438347592966803
option_termination,task_specific,observable,"{""penalty"": 0.01}",information_sampling,40,0.7813660100211395,0.29159697097347287,0.48989898989898983,,0.5332756850067923,-0.025909906725630497,-0.13547731133554852,-0.422675709081864,episode,0.7098079612036943,0.8838598206277257
option_termination,task_specific,observable,"{""penalty"": 0.01}",partial_reinforcement,20,0.6826412605822677,0.2447485297079619,0.49999999999999994,,0.6297405416601863,-0.19386217628852603,-0.014308211944978,0.070373223857173,episode,0.663891246845641,0.6944457848418485
option_termination,task_specific,observable,"{""penalty"": 0.01}",solvability,313,0.6630771081937532,0.23523639050942868,0.5655197976626548,0.11726372529494464,0.4309657465190696,0.1062864835000958,-0.0032210469537095054,-0.349853170294413,episode,0.6283071652618367,0.7008111347727789
option_termination,fully_shared,observable,"{""penalty"": 0.01}",bandit,1800,0.18204192072204206,0.03889250500840988,0.6307283547639757,0.05735285473161624,0.6687742361172034,0.2793011468109186,-0.14482096095694663,-0.11700931461368791,episode,0.1555190227863712,0.2270440366002534
option_termination,fully_shared,observable,"{""penalty"": 0.01}",foraging,364,0.6264012266427526,0.21738729918819805,0.560011023839052,0.12268708630160408,0.4573149773905734,0.21760305760205928,0.0056761953192063785,-0.24300381840244528,episode,0.6108191978141213,0.642943785211136
option_termination,fully_shared,observable,"{""penalty"": 0.01}",information_sampling,40,0.7880553454261758,0.2945083782322201,0.48989898989898983,,0.5331278860533366,-0.024957818500220823,-0.14519822123298165,-0.4226757090818641,episode,0.7129064408857518,0.8886877383209696
option_termination,fully_shared,observable,"{""penalty"": 0.01}",partial_reinforcement,20,0.6956158872167154,0.25122481968370414,0.49999999999999994,,0.6028910114031844,-0.09600463264129339,-0.03358666917010256,0.07037322385717276,episode,0.6885964589606912,0.7014195069250906
option_termination,fully_shared,observable,"{""penalty"": 0.01}",solvability,313,0.6560698407870247,0.231947933173728,0.5657378335949765,0.10842855589407872,0.45201474753380533,0.14504490118750504,0.007380794155256498,-0.34985317029441315,episode,0.6256581326431226,0.691976780916037
option_termination,hierarchical,observable,"{""penalty"": 0.01}",bandit,1800,0.17744956659268143,0.03814627686756476,0.6307283547639757,0.05109461522739194,0.5020323644123791,0.19874511886727564,-0.11594067202911917,-0.11700931461368785,episode,0.1490395223964027,0.2260488056536511
option_termination,hierarchical,observable,"{""penalty"": 0.01}",foraging,364,0.6262870751748507,0.2173373319199926,0.560011023839052,0.12241859790709349,0.4614289609400461,0.22296718100533922,0.005857394711938024,-0.2430038184024451,episode,0.6112718752514434,0.6434570594385423
option_termination,hierarchical,observable,"{""penalty"": 0.01}",information_sampling,40,0.7888501510952987,0.29487661266307386,0.48989898989898983,,0.5326787677694624,-0.025450030979330247,-0.14635322899200287,-0.42267570908186386,episode,0.7167517285281276,0.8954983961896286
option_termination,hierarchical,observable,"{""penalty"": 0.01}",partial_reinforcement,20,0.6957143577225917,0.2512825639912624,0.49999999999999994,,0.599523844419692,-0.1700378243839614,-0.03373298239274525,0.07037322385717226,episode,0.6925676755216353,0.7001381157056603
option_termination,hierarchical,observable,"{""penalty"": 0.01}",solvability,313,0.6592285439038842,0.23345687722460343,0.5655197976626548,0.1125142210814811,0.43887701274148455,0.1215645387247161,0.002601745974051939,-0.34985317029441293,episode,0.6274137291942988,0.6967846476372732
competitive_time_reward,task_specific,observable,"{""history_decay"": 0.0, ""penalty"": 0.01}",bandit,1800,0.14979064830119787,0.03517354895614568,0.8067883318548631,0.028915774713250967,0.4547651706865247,0.12377929929465639,0.05800008453889183,-0.738628274742132,episode,0.11302541252708873,0.21306437725009475
competitive_time_reward,task_specific,observable,"{""history_decay"": 0.0, ""penalty"": 0.01}",foraging,364,0.5932834564945778,0.20220770132423777,0.7384766432410088,0.14214588288699512,0.6470125367474505,0.5623618292708235,0.05824599533822439,-0.6838018076530009,episode,0.5754307797411189,0.6133464060441917
competitive_time_reward,task_specific,observable,"{""history_decay"": 0.0, ""penalty"": 0.01}",information_sampling,40,0.7910910672149877,0.296330937594266,0.5353535353535354,0.2533877219788038,0.7558516033062451,0.28752560886387396,-0.1496097174722788,-0.18771149316976088,episode,0.7075489380687736,0.9080263454458467
competitive_time_reward,task_specific,observable,"{""history_decay"": 0.0, ""penalty"": 0.01}",partial_reinforcement,20,0.6812653899646722,0.2219282739388277,0.7916666666666667,,0.6129110697250324,0.12067662859658296,-0.012263863109675421,-0.7103191549947094,episode,0.4124810075131389,1.0616782622393368
competitive_time_reward,task_specific,observable,"{""history_decay"": 0.0, ""penalty"": 0.01}",solvability,313,0.5663993098954049,0.1926378638543008,0.7319030176173034,0.0843443807047477,0.5247473209410742,0.2273086228154619,0.14305033057921546,-0.6953760420577614,episode,0.522100664660996,0.6144556265106457
competitive_time_reward,fully_shared,observable,"{""history_decay"": 0.0, ""penalty"": 0.01}",bandit,1800,0.17877484568701754,0.039654197753775794,0.7929567396715212,0.06804835332691417,0.12756770342271348,0.03824586262077392,-0.12427505611107259,-0.3522782790515577,episode,0.15350959894119756,0.21991280635891225
competitive_time_reward,fully_shared,observable,"{""history_decay"": 0.0, ""penalty"": 0.01}",foraging,364,0.6385018485612892,0.22154110307067895,0.5280935648339534,0.18153917003275152,0.3822282558375559,0.07721632814807577,-0.013531839265159551,-0.022832678934133648,episode,0.6056311224627853,0.6740028401103155
competitive_time_reward,fully_shared,observable,"{""history_decay"": 0.0, ""penalty"": 0.01}",information_sampling,40,0.7977794534815097,0.2991545260817025,0.47474747474747475,,0.4379306911146648,-0.15453395833333222,-0.15932924808620763,0.3108513887453708,episode,0.7100640488505253,0.9363353314064491
competitive_time_reward,fully_shared,observable,"{""history_decay"": 0.0, ""penalty"": 0.01}",partial_reinforcement,20,0.668413753761673,0.23525086888351915,0.625,,0.6495695803630055,0.27943262449543577,0.006831847756838427,-0.7149408117657384,episode,0.5465201189409703,0.8416621478268979
competitive_time_reward,fully_shared,observable,"{""history_decay"": 0.0, ""penalty"": 0.01}",solvability,313,0.5952190400711599,0.20457391222807947,0.7356532356532357,0.1355556646971735,0.6323562280992392,0.410369049351538,0.09944671416331585,-0.6965386783361611,episode,0.5613605101914058,0.6367953164480661
competitive_time_reward,hierarchical,observable,"{""history_decay"": 0.0, ""penalty"": 0.01}",bandit,1800,0.158926675891625,0.036079228753548326,0.7930127205863355,0.045936179500848884,0.15822255825983847,0.043482728665646425,0.0005456485281232215,-0.3861008986658698,episode,0.12854023463683495,0.20953629524911072
competitive_time_reward,hierarchical,observable,"{""history_decay"": 0.0, ""penalty"": 0.01}",foraging,364,0.6226098859258212,0.21544027124807488,0.6214517018051535,0.13985751513427147,0.42312045499021866,0.14771312224757135,0.01169441521750536,-0.11801914517693958,episode,0.5971087630831737,0.6532904926954962
competitive_time_reward,hierarchical,observable,"{""history_decay"": 0.0, ""penalty"": 0.01}",information_sampling,40,0.8006604052914452,0.300406510201896,0.5126262626262627,,0.4594688454467474,-0.12219522561870197,-0.16351583333982567,0.3778409798335831,episode,0.7102560842417636,0.9326803040885984
competitive_time_reward,hierarchical,observable,"{""history_decay"": 0.0, ""penalty"": 0.01}",partial_reinforcement,20,0.6559265330754063,0.22660184562477953,0.78125,0.33774314646088205,0.6244420724980049,0.2066097930474739,0.025386088787692662,-0.7167291620829666,episode,0.5015782295037444,0.8805309091543092
competitive_time_reward,hierarchical,observable,"{""history_decay"": 0.0, ""penalty"": 0.01}",solvability,313,0.5805176234700101,0.19846181081677272,0.7548622012907726,0.11638539923770216,0.5804357953660169,0.32457806781876736,0.1216896333835017,-0.702464193442875,episode,0.5452102853573606,0.6241975537715455
latent_commitment,task_specific,observable,"{""penalty"": 0.01, ""rho"": 0.5}",bandit,1800,0.1458424481274446,0.03490543357444236,0.8112969486095202,0.026340513470915726,0.267541539281814,0.06706614508914367,0.08282943318034086,-0.7463814476864267,episode,0.109177605461437,0.2076470616507794
latent_commitment,task_specific,observable,"{""penalty"": 0.01, ""rho"": 0.5}",foraging,364,0.5443472427881555,0.1831527198133113,0.761437233016398,0.06902854712964124,0.46177095616320823,0.22144863033551118,0.1359253486498887,-0.8444534281222923,episode,0.5150552064091215,0.5785449693085568
latent_commitment,task_specific,observable,"{""penalty"": 0.01, ""rho"": 0.5}",information_sampling,40,0.7805072822273514,0.28718387508254284,0.5151515151515151,,0.5471164041309994,-0.005955797668482647,-0.13422941225374285,-0.6151318862608843,episode,0.7066267139803591,0.8691021646901339
latent_commitment,task_specific,observable,"{""penalty"": 0.01, ""rho"": 0.5}",partial_reinforcement,20,0.5860837252936475,0.19671431536713568,0.75,0.392957620996592,0.6808388841384504,0.2673393888388222,0.1291626073911929,-0.8768425787416979,episode,0.4074551896915964,0.8304314034435468
latent_commitment,task_specific,observable,"{""penalty"": 0.01, ""rho"": 0.5}",solvability,313,0.5240780590119462,0.17197862916806592,0.8235653235653235,0.12281187714965891,0.5476669391017521,0.3020617140078705,0.20708145018059942,-0.7263779910001973,episode,0.4943708376515209,0.5602341073746779
latent_commitment,fully_shared,observable,"{""penalty"": 0.01, ""rho"": 0.0}",bandit,1800,0.17597307277060326,0.03794688742369263,0.5442076978064094,0.046225269875538565,0.12386149236647029,0.036023290092148774,-0.1066553323143209,0.2325100563728449,episode,0.14833548584561163,0.22222502884157447
latent_commitment,fully_shared,observable,"{""penalty"": 0.01, ""rho"": 0.0}",foraging,364,0.6117071408211844,0.21074493638820951,0.6459625189472233,0.12988416948420833,0.7424183865852086,0.5609030761562009,0.029000988916298875,-0.344959213936787,episode,0.5930385686261943,0.632689046549238
latent_commitment,fully_shared,observable,"{""penalty"": 0.01, ""rho"": 0.0}",information_sampling,40,0.7821152660264694,0.2915808329371633,0.5252525252525253,0.2793977176246087,0.5754155267516038,0.03878481450421042,-0.13656612654317568,-0.36765572995375423,episode,0.7114164670420167,0.8916091849735408
latent_commitment,fully_shared,observable,"{""penalty"": 0.01, ""rho"": 0.0}",partial_reinforcement,20,0.6973655344984997,0.25206530220718903,0.5,0.49801802116337984,0.6154362911885115,-0.13648013480271587,-0.03618639718010774,0.023431190639785687,episode,0.6831990759360711,0.7086835815443221
latent_commitment,fully_shared,observable,"{""penalty"": 0.01, ""rho"": 0.0}",solvability,313,0.6198326728638986,0.2149819712673563,0.6797488226059655,0.13470586071610505,0.621061722498654,0.479985544517276,0.062206830363179866,-0.5374371949528093,episode,0.594972473961674,0.6509333929588391
latent_commitment,hierarchical,observable,"{""penalty"": 0.01, ""rho"": 0.95}",bandit,1800,0.1452103338703776,0.03545806582617528,0.7520949780813188,0.019690488488168248,0.1397076320651126,0.026722141545505534,0.08680465849294883,-0.6472819658263078,episode,0.10643380787228954,0.20982418005628622
latent_commitment,hierarchical,observable,"{""penalty"": 0.01, ""rho"": 0.95}",foraging,364,0.5759359379529517,0.19459171438757095,0.7616611547471407,0.1296746766427582,0.4528209134400122,0.29938989478299594,0.08578274000669817,-0.7677701793769852,episode,0.5541293919397162,0.598847819174678
latent_commitment,hierarchical,observable,"{""penalty"": 0.01, ""rho"": 0.95}",information_sampling,40,0.8184977736023278,0.30677132793838896,0.49873737373737376,0.3084229271480768,0.6999144462532567,0.17749558279541267,-0.18943701080491016,0.19656082401189476,episode,0.7047316796642724,0.972588218845133
latent_commitment,hierarchical,observable,"{""penalty"": 0.01, ""rho"": 0.95}",partial_reinforcement,20,0.5744004515740391,0.1922688530589724,0.75,0.42595727474940714,0.6020331085745387,0.5504780373669422,0.14652229711474074,-0.9107211159941986,episode,0.4986956731194536,0.6821230172251446
latent_commitment,hierarchical,observable,"{""penalty"": 0.01, ""rho"": 0.95}",solvability,313,0.6163690381335359,0.21391338340326504,0.7482121053549626,0.14248026743549483,0.6127722131243974,0.35833822505719143,0.0674472333533015,-0.5178899389996233,episode,0.5823180086761267,0.6600860057055153
sunk_extension,task_specific,observable,"{""penalty"": 0.01}",bandit,1800,0.15268015069848945,0.03539818696084223,0.7858385510416757,0.02550414875480026,0.5897340877319059,0.1654648253015501,0.03982864964063215,-0.7280649937034672,episode,0.1155358698214661,0.22128964932029718
sunk_extension,task_specific,observable,"{""penalty"": 0.01}",foraging,364,0.5815724331415895,0.19688113621558787,0.7366680446465482,0.12332592375533416,0.6109129549689486,0.4829182076712976,0.07683559702125253,-0.6701863352913553,episode,0.5633144259380716,0.602570460766591
sunk_extension,task_specific,observable,"{""penalty"": 0.01}",information_sampling,40,0.7914975634307113,0.293667223712083,0.4646464646464647,0.2459720004877548,0.5364168352323888,-0.023606162314091163,-0.15020043580936826,-0.18130583016389315,episode,0.7088488596542506,0.9151679700787874
sunk_extension,task_specific,observable,"{""penalty"": 0.01}",partial_reinforcement,20,0.6666312697240491,0.23681343659799264,0.7083333333333333,0.48553061204469283,0.5422621367367666,1.3157221245069226,0.009480366534447393,-0.6914607164902874,episode,0.6510401892458012,0.6903225126437631
sunk_extension,task_specific,observable,"{""penalty"": 0.01}",solvability,313,0.5299557151124941,0.17432162402843288,0.8134484563055991,0.12134242442123613,0.5776862653656597,0.361014272392188,0.1981886860752482,-0.7304494261271812,episode,0.5059053911059697,0.5585352534149154
sunk_extension,fully_shared,observable,"{""penalty"": 0.01}",bandit,1800,0.16842623278393618,0.036868641996994536,0.5358794601717323,0.03996566758422231,0.10883839971138477,0.02751470186774862,-0.05919494202918152,0.25432410080043255,episode,0.13868789830518327,0.22110241872809058
sunk_extension,fully_shared,observable,"{""penalty"": 0.01}",foraging,364,0.6093196755377458,0.20959417464869332,0.6642207523770153,0.12332650240814236,0.7428236920151112,0.5933723960995844,0.032790754107045905,-0.3626229014219679,episode,0.5903976996454334,0.6298527223946957
sunk_extension,fully_shared,observable,"{""penalty"": 0.01}",information_sampling,40,0.7821849652375654,0.29167641412930867,0.5151515151515151,0.2798896792159149,0.5811079864357442,0.047206915766953926,-0.13666741310005492,-0.34344724265497883,episode,0.7130792538325701,0.8890473600740884
sunk_extension,fully_shared,observable,"{""penalty"": 0.01}",partial_reinforcement,20,0.6947667987435764,0.2507688942377061,0.625,0.49648843312276614,0.6120307119493337,-0.09690853792995979,-0.03232504397880054,0.016341909127518307,episode,0.6801462725684683,0.7059488910139249
sunk_extension,fully_shared,observable,"{""penalty"": 0.01}",solvability,313,0.6193098265815927,0.21476523186670163,0.7123233908948194,0.15449534422112088,0.6206376129606032,0.4908472852535011,0.06299788526199801,-0.5488306186711857,episode,0.5952126651889305,0.6478688248368291
sunk_extension,hierarchical,observable,"{""penalty"": 0.01}",bandit,1800,0.16236685286253022,0.036149866537724396,0.4978942563581401,0.025040727936336948,0.0050159764709908905,-0.011015966786269754,-0.021088855711738796,0.36932270890223,episode,0.1282505953796768,0.2207181688150333
sunk_extension,hierarchical,observable,"{""penalty"": 0.01}",foraging,364,0.6028491465514929,0.20651322390935142,0.671524045748932,0.10202948856850688,0.697197865158705,0.5801469085121728,0.043061808387049094,-0.46613917390767784,episode,0.5846973932358727,0.6227949035196038
sunk_extension,hierarchical,observable,"{""penalty"": 0.01}",information_sampling,40,0.790917217906331,0.29523051294571556,0.5416666666666667,0.2142663084571845,0.5760798689210821,0.0376978861065573,-0.14935708049672636,-0.24135317561781663,episode,0.708323559797597,0.8962872231971625
sunk_extension,hierarchical,observable,"{""penalty"": 0.01}",partial_reinforcement,20,0.6806441889426236,0.2437780684583589,0.625,0.4895738310457894,0.5844902529991669,0.08691620438567048,-0.01134084638871835,-0.06895738855795047,episode,0.6623929757366953,0.6925360252174059
sunk_extension,hierarchical,observable,"{""penalty"": 0.01}",solvability,313,0.594918978902052,0.20368917062869152,0.7529652886795745,0.11016075545185658,0.6269464350710913,0.4545738036740494,0.09990070009723317,-0.6270882397008544,episode,0.5701766659344004,0.6264928874094517
flexible_linear,task_specific,observable,"{""penalty"": 0.01}",bandit,1800,0.12708481028160165,0.032394377414069454,0.8465907622878109,0.015437955278681059,0.14747299592561652,0.026005255040272082,0.20079202607535296,-0.8428618101684479,episode,0.09202327392191037,0.1810822598497513
flexible_linear,task_specific,observable,"{""penalty"": 0.01}",foraging,364,0.5406139161126543,0.18207022909509774,0.7611960865371367,0.09565366615114938,0.44398340377984286,0.1982919946095299,0.1418514794207304,-0.8726565163864817,episode,0.5036270449412958,0.5824891023305769
flexible_linear,task_specific,observable,"{""penalty"": 0.01}",information_sampling,40,0.8327008163893828,0.30690821625049275,0.48484848484848486,,0.5397890134433646,-0.017011765804087968,-0.21007680397455752,-0.6507495105336032,episode,0.7491763449164456,0.9318047242611784
flexible_linear,task_specific,observable,"{""penalty"": 0.01}",partial_reinforcement,20,0.7186244449766932,0.22316220987840155,0.7083333333333334,0.3665698544837047,0.606671263944137,0.09396044661370863,-0.06777412666578564,-0.7620952241428277,episode,0.36242106943782176,1.221264612904741
flexible_linear,task_specific,observable,"{""penalty"": 0.01}",solvability,313,0.45586711819311704,0.14850364196434915,0.8706174777603349,0.0835298725985511,0.5269197411145213,0.18604745583996846,0.31028309990784,-0.816708629847341,episode,0.4105143551109788,0.5054384998575221
flexible_linear,fully_shared,observable,"{""penalty"": 0.01}",bandit,1800,0.143225640933982,0.035180082630466895,0.7892835304148617,0.022463400375361806,0.10632912056652263,0.017873292934965288,0.09928594887725628,-0.7913144394401217,episode,0.10968263383042151,0.19734970391588882
flexible_linear,fully_shared,observable,"{""penalty"": 0.01}",foraging,364,0.6067518489488517,0.2079316564343496,0.6457558219649993,0.1277024177385842,0.4526573636289916,0.17350346530287328,0.03686681749107534,-0.3440696547142713,episode,0.5766754615441548,0.6393910260720606
flexible_linear,fully_shared,observable,"{""penalty"": 0.01}",information_sampling,40,0.788039428397868,0.29262790120313936,0.5454545454545455,,0.5666679313605817,0.025949304659894958,-0.14517509068433276,-0.5210982967796877,episode,0.7072045082108719,0.9009834678286397
flexible_linear,fully_shared,observable,"{""penalty"": 0.01}",partial_reinforcement,20,0.621334556389176,0.21651689502254837,0.6666666666666667,0.3925660307894096,0.5607212680629525,0.14484012626997014,0.07678486592918088,-0.6730523734683914,episode,0.4171060425059618,0.8660439658732887
flexible_linear,fully_shared,observable,"{""penalty"": 0.01}",solvability,313,0.5946300471137428,0.2030694802210955,0.7364381650095937,0.10046794930508228,0.5105684002042002,0.23658813222150712,0.10033784752335284,-0.5906902522794375,episode,0.5505243088129376,0.6458731714643068
flexible_linear,hierarchical,observable,"{""penalty"": 0.01}",bandit,1800,0.13197854465653594,0.033104310311465886,0.8258261491159322,0.014506956490611683,0.12509576951704723,0.02014161014651928,0.17001642412850992,-0.8138665952649036,episode,0.09605536095890202,0.18923585708752702
flexible_linear,hierarchical,observable,"{""penalty"": 0.01}",foraging,364,0.5523322500487088,0.18530727828932003,0.7648649579716136,0.09753302950771235,0.4533476121342483,0.2208292843364289,0.12325027321577675,-0.803586260757629,episode,0.5187304991849819,0.5903033266807834
flexible_linear,hierarchical,observable,"{""penalty"": 0.01}",information_sampling,40,0.8098281511299202,0.3003687859885771,0.5025252525252526,,0.557245475977899,0.010622489966117723,-0.17683835730704778,-0.7115526093513936,episode,0.7353752806072515,0.9089205380111397
flexible_linear,hierarchical,observable,"{""penalty"": 0.01}",partial_reinforcement,20,0.5954020353719093,0.2010286695552991,0.8333333333333334,0.3504553100655597,0.5597357051403107,0.14207507009722764,0.11531691862375937,-0.7500734589460956,episode,0.3442061661693977,0.9246468632846493
flexible_linear,hierarchical,observable,"{""penalty"": 0.01}",solvability,313,0.5331537864200816,0.1786932486310273,0.7851255886970173,0.10620308563120243,0.5233974664378203,0.2172708808129495,0.19335007468935628,-0.7197256238209826,episode,0.48976988166544994,0.5817932953745135
mlp,task_specific,observable,"{""bandit"": {""dropout"": 0.0, ""epochs"": 120, ""hidden_size"": 32, ""learning_rate"": 0.001}, ""foraging"": {""dropout"": 0.0, ""epochs"": 94, ""hidden_size"": 32, ""learning_rate"": 0.001}, ""information_sampling"": {""dropout"": 0.0, ""epochs"": 120, ""hidden_size"": 32, ""learning_rate"": 0.001}, ""partial_reinforcement"": {""dropout"": 0.0, ""epochs"": 55, ""hidden_size"": 32, ""learning_rate"": 0.001}, ""solvability"": {""dropout"": 0.0, ""epochs"": 120, ""hidden_size"": 32, ""learning_rate"": 0.001}}",bandit,1800,0.13138371647285765,0.03298779817939029,0.8299601243637553,0.02000277423115525,0.14144707788289293,0.025286148150189536,0.17375716565739452,-0.804771784263751,episode,0.09650165977070516,0.18838556695744985
mlp,task_specific,observable,"{""bandit"": {""dropout"": 0.0, ""epochs"": 120, ""hidden_size"": 32, ""learning_rate"": 0.001}, ""foraging"": {""dropout"": 0.0, ""epochs"": 94, ""hidden_size"": 32, ""learning_rate"": 0.001}, ""information_sampling"": {""dropout"": 0.0, ""epochs"": 120, ""hidden_size"": 32, ""learning_rate"": 0.001}, ""partial_reinforcement"": {""dropout"": 0.0, ""epochs"": 55, ""hidden_size"": 32, ""learning_rate"": 0.001}, ""solvability"": {""dropout"": 0.0, ""epochs"": 120, ""hidden_size"": 32, ""learning_rate"": 0.001}}",foraging,364,0.5245944624163322,0.1759629664328948,0.7679481879564558,0.06136458833794016,0.46263267504618116,0.19417768500244348,0.1672801080228884,-0.9052257841345658,episode,0.4879851071133417,0.5648035611474713
mlp,task_specific,observable,"{""bandit"": {""dropout"": 0.0, ""epochs"": 120, ""hidden_size"": 32, ""learning_rate"": 0.001}, ""foraging"": {""dropout"": 0.0, ""epochs"": 94, ""hidden_size"": 32, ""learning_rate"": 0.001}, ""information_sampling"": {""dropout"": 0.0, ""epochs"": 120, ""hidden_size"": 32, ""learning_rate"": 0.001}, ""partial_reinforcement"": {""dropout"": 0.0, ""epochs"": 55, ""hidden_size"": 32, ""learning_rate"": 0.001}, ""solvability"": {""dropout"": 0.0, ""epochs"": 120, ""hidden_size"": 32, ""learning_rate"": 0.001}}",information_sampling,40,0.812821330438606,0.3010888518736333,0.5050505050505051,,0.5571804753062085,0.010814488863595314,-0.18118803101972936,-0.5521534386051572,episode,0.7322867257880536,0.9122358754479705
mlp,task_specific,observable,"{""bandit"": {""dropout"": 0.0, ""epochs"": 120, ""hidden_size"": 32, ""learning_rate"": 0.001}, ""foraging"": {""dropout"": 0.0, ""epochs"": 94, ""hidden_size"": 32, ""learning_rate"": 0.001}, ""information_sampling"": {""dropout"": 0.0, ""epochs"": 120, ""hidden_size"": 32, ""learning_rate"": 0.001}, ""partial_reinforcement"": {""dropout"": 0.0, ""epochs"": 55, ""hidden_size"": 32, ""learning_rate"": 0.001}, ""solvability"": {""dropout"": 0.0, ""epochs"": 120, ""hidden_size"": 32, ""learning_rate"": 0.001}}",partial_reinforcement,20,0.5389558393777041,0.18253542914259543,0.8333333333333334,0.3715463042259218,0.5736424791132669,0.21260244751993995,0.1991879698419975,-0.7236091086011572,episode,0.3644345464403972,0.7390299707581015
mlp,task_specific,observable,"{""bandit"": {""dropout"": 0.0, ""epochs"": 120, ""hidden_size"": 32, ""learning_rate"": 0.001}, ""foraging"": {""dropout"": 0.0, ""epochs"": 94, ""hidden_size"": 32, ""learning_rate"": 0.001}, ""information_sampling"": {""dropout"": 0.0, ""epochs"": 120, ""hidden_size"": 32, ""learning_rate"": 0.001}, ""partial_reinforcement"": {""dropout"": 0.0, ""epochs"": 55, ""hidden_size"": 32, ""learning_rate"": 0.001}, ""solvability"": {""dropout"": 0.0, ""epochs"": 120, ""hidden_size"": 32, ""learning_rate"": 0.001}}",solvability,313,0.42462276142106486,0.13896584798729142,0.8792953078667365,0.07815004989338187,0.5286604949430213,0.1377286908718745,0.3575551229122811,-0.8414877090971215,episode,0.3780141312815549,0.48014402983982596
mlp,fully_shared,observable,"{""dropout"": 0.0, ""epochs"": 120, ""hidden_size"": 32, ""learning_rate"": 0.001}",bandit,1800,0.15606392996673887,0.040073394856740566,0.8017112935036301,0.04327149945658473,0.09136557880312281,0.013258885198053454,0.018548817950334806,-0.8113912228756581,episode,0.11872584662251033,0.2097113101128616
mlp,fully_shared,observable,"{""dropout"": 0.0, ""epochs"": 120, ""hidden_size"": 32, ""learning_rate"": 0.001}",foraging,364,0.5725793065650348,0.19431938390909528,0.7084194570759267,0.09703508899598332,0.5356102535454811,0.24083831866858646,0.09111092001431509,-0.6024083388006289,episode,0.5391004111148175,0.6107962905430127
mlp,fully_shared,observable,"{""dropout"": 0.0, ""epochs"": 120, ""hidden_size"": 32, ""learning_rate"": 0.001}",information_sampling,40,0.8103256870378264,0.30151789366287474,0.5151515151515151,0.313587637245655,0.5518552845518884,0.0025892699454986906,-0.17756137408504524,-0.432027656298335,episode,0.7326685806384462,0.9271583633230976
mlp,fully_shared,observable,"{""dropout"": 0.0, ""epochs"": 120, ""hidden_size"": 32, ""learning_rate"": 0.001}",partial_reinforcement,20,0.6884704672127847,0.23259802947138586,0.6250000000000001,0.38601186126470577,0.557625619432136,0.10307730927904106,-0.02296958724686693,-0.7085613907996731,episode,0.4193118432367391,1.0282472504873879
mlp,fully_shared,observable,"{""dropout"": 0.0, ""epochs"": 120, ""hidden_size"": 32, ""learning_rate"": 0.001}",solvability,313,0.5493950249183013,0.18532887304476567,0.7803069945927088,0.11555748961318416,0.5111350356601945,0.218975577007397,0.1687774388847617,-0.6880658846608069,episode,0.49904018165725894,0.6074417718470422
mlp,hierarchical,observable,"{""dropout"": 0.0, ""epochs"": 120, ""hidden_size"": 32, ""learning_rate"": 0.001}",bandit,1800,0.14724020973475632,0.03701506368696867,0.7975256435652092,0.028194384899225298,0.08712757852073143,0.00989383179035707,0.07403922277097785,-0.7864084618763396,episode,0.11190558030471012,0.20552999733801275
mlp,hierarchical,observable,"{""dropout"": 0.0, ""epochs"": 120, ""hidden_size"": 32, ""learning_rate"": 0.001}",foraging,364,0.5814719611277185,0.19800786697991854,0.6781727986771393,0.09661169014461747,0.49109728919198825,0.20734210868256955,0.07699508220558327,-0.541594365089057,episode,0.5484995850974073,0.6175096670100209
mlp,hierarchical,observable,"{""dropout"": 0.0, ""epochs"": 120, ""hidden_size"": 32, ""learning_rate"": 0.001}",information_sampling,40,0.8209547582988381,0.30603500631242075,0.4343434343434343,,0.5092043106085065,-0.05462235495695292,-0.19300748909729282,-0.4364713846056472,episode,0.7348006502034219,0.9387690988099523
mlp,hierarchical,observable,"{""dropout"": 0.0, ""epochs"": 120, ""hidden_size"": 32, ""learning_rate"": 0.001}",partial_reinforcement,20,0.6225817299087164,0.21586487607691468,0.6666666666666667,0.4019977822899819,0.567770559151925,0.1544135111251965,0.07493174275067405,-0.6934968842190082,episode,0.42888839086245784,0.8634373471149898
mlp,hierarchical,observable,"{""dropout"": 0.0, ""epochs"": 120, ""hidden_size"": 32, ""learning_rate"": 0.001}",solvability,313,0.5805010696580947,0.19835719925009004,0.7428048142333856,0.15469633923551906,0.5364962430316551,0.2292390417927145,0.12171467893599586,-0.6425081123826255,episode,0.5348743192402836,0.6350531608716827
gru,task_specific,observable,"{""bandit"": {""dropout"": 0.0, ""epochs"": 100, ""hidden_size"": 64, ""learning_rate"": 0.001}, ""foraging"": {""dropout"": 0.0, ""epochs"": 60, ""hidden_size"": 64, ""learning_rate"": 0.001}, ""information_sampling"": {""dropout"": 0.0, ""epochs"": 73, ""hidden_size"": 64, ""learning_rate"": 0.001}, ""partial_reinforcement"": {""dropout"": 0.0, ""epochs"": 100, ""hidden_size"": 32, ""learning_rate"": 0.001}, ""solvability"": {""dropout"": 0.0, ""epochs"": 95, ""hidden_size"": 64, ""learning_rate"": 0.001}}",bandit,1800,0.12642744957412294,0.031572565981216535,0.837302236652858,0.013049086663067479,0.23744570720043892,0.05151353217894722,0.20492602067311483,-0.8685297940192094,episode,0.09244687172054174,0.1831758893256906
gru,task_specific,observable,"{""bandit"": {""dropout"": 0.0, ""epochs"": 100, ""hidden_size"": 64, ""learning_rate"": 0.001}, ""foraging"": {""dropout"": 0.0, ""epochs"": 60, ""hidden_size"": 64, ""learning_rate"": 0.001}, ""information_sampling"": {""dropout"": 0.0, ""epochs"": 73, ""hidden_size"": 64, ""learning_rate"": 0.001}, ""partial_reinforcement"": {""dropout"": 0.0, ""epochs"": 100, ""hidden_size"": 32, ""learning_rate"": 0.001}, ""solvability"": {""dropout"": 0.0, ""epochs"": 95, ""hidden_size"": 64, ""learning_rate"": 0.001}}",foraging,364,0.535468822809191,0.17979640598095128,0.7593702631941575,0.07998237639116478,0.4507831852306033,0.20139454467497914,0.15001859105995308,-0.8792279972621221,episode,0.49701192856686643,0.5749006062422884
gru,task_specific,observable,"{""bandit"": {""dropout"": 0.0, ""epochs"": 100, ""hidden_size"": 64, ""learning_rate"": 0.001}, ""foraging"": {""dropout"": 0.0, ""epochs"": 60, ""hidden_size"": 64, ""learning_rate"": 0.001}, ""information_sampling"": {""dropout"": 0.0, ""epochs"": 73, ""hidden_size"": 64, ""learning_rate"": 0.001}, ""partial_reinforcement"": {""dropout"": 0.0, ""epochs"": 100, ""hidden_size"": 32, ""learning_rate"": 0.001}, ""solvability"": {""dropout"": 0.0, ""epochs"": 95, ""hidden_size"": 64, ""learning_rate"": 0.001}}",information_sampling,40,0.7871292398329214,0.2881989041636278,0.5252525252525253,0.1869454694584333,0.5630037435354448,0.022140028538039945,-0.1438524090584632,-0.6817558777138105,episode,0.725751574396978,0.8486293377060988
gru,task_specific,observable,"{""bandit"": {""dropout"": 0.0, ""epochs"": 100, ""hidden_size"": 64, ""learning_rate"": 0.001}, ""foraging"": {""dropout"": 0.0, ""epochs"": 60, ""hidden_size"": 64, ""learning_rate"": 0.001}, ""information_sampling"": {""dropout"": 0.0, ""epochs"": 73, ""hidden_size"": 64, ""learning_rate"": 0.001}, ""partial_reinforcement"": {""dropout"": 0.0, ""epochs"": 100, ""hidden_size"": 32, ""learning_rate"": 0.001}, ""solvability"": {""dropout"": 0.0, ""epochs"": 95, ""hidden_size"": 64, ""learning_rate"": 0.001}}",partial_reinforcement,20,0.622898649097775,0.21133009603157435,0.7916666666666666,0.3694588254961486,0.5738485047498757,0.13582830325121475,0.074460845729725,-0.725231495175201,episode,0.35581967596023417,0.9394439530505494
gru,task_specific,observable,"{""bandit"": {""dropout"": 0.0, ""epochs"": 100, ""hidden_size"": 64, ""learning_rate"": 0.001}, ""foraging"": {""dropout"": 0.0, ""epochs"": 60, ""hidden_size"": 64, ""learning_rate"": 0.001}, ""information_sampling"": {""dropout"": 0.0, ""epochs"": 73, ""hidden_size"": 64, ""learning_rate"": 0.001}, ""partial_reinforcement"": {""dropout"": 0.0, ""epochs"": 100, ""hidden_size"": 32, ""learning_rate"": 0.001}, ""solvability"": {""dropout"": 0.0, ""epochs"": 95, ""hidden_size"": 64, ""learning_rate"": 0.001}}",solvability,313,0.38933584285741124,0.12590216875856697,0.8980463980463981,0.0657794268478234,0.5281720147530098,0.1265768152501031,0.4109434527878688,-0.9131205689997135,episode,0.3439551906184447,0.44393278031576244
gru,fully_shared,observable,"{""dropout"": 0.0, ""epochs"": 100, ""hidden_size"": 64, ""learning_rate"": 0.001}",bandit,1800,0.128779852577048,0.03202284798316557,0.8279577301030909,0.009070188430878421,0.21094501009391392,0.04425461011826032,0.19013228384763547,-0.8293256395410704,episode,0.09406413864477657,0.1886554870712443
gru,fully_shared,observable,"{""dropout"": 0.0, ""epochs"": 100, ""hidden_size"": 64, ""learning_rate"": 0.001}",foraging,364,0.5384000310178602,0.1804307784220981,0.771772082127601,0.07127939311941217,0.4395500086843392,0.1821535479082516,0.14536571048694324,-0.8480616793669833,episode,0.49484370000997707,0.5832889280077405
gru,fully_shared,observable,"{""dropout"": 0.0, ""epochs"": 100, ""hidden_size"": 64, ""learning_rate"": 0.001}",information_sampling,40,0.774001142984585,0.28113535672559165,0.5656565656565657,,0.627156155511876,0.11746428799896448,-0.12477472213438201,-0.43829678559344487,episode,0.669236580159044,0.8906881008283359
gru,fully_shared,observable,"{""dropout"": 0.0, ""epochs"": 100, ""hidden_size"": 64, ""learning_rate"": 0.001}",partial_reinforcement,20,0.6405312171565065,0.20972586342580501,0.75,0.3604158356264744,0.571280435525035,0.1175507833263135,0.048261347380628816,-0.8148297445380548,episode,0.33733627342718453,1.0431209510561337
gru,fully_shared,observable,"{""dropout"": 0.0, ""epochs"": 100, ""hidden_size"": 64, ""learning_rate"": 0.001}",solvability,313,0.5125247030403542,0.17353986751959596,0.8235653235653236,0.10576225646041197,0.565745662784038,0.20017898529043981,0.22456142306825122,-0.742375724952454,episode,0.4627535398526345,0.569115924023395
gru,hierarchical,observable,"{""dropout"": 0.0, ""epochs"": 100, ""hidden_size"": 64, ""learning_rate"": 0.001}",bandit,1800,0.13244287973811772,0.03285084081785889,0.8237031805772063,0.011019026865589521,0.1959404515540908,0.038274103377240305,0.16709632455916879,-0.8227396039665311,episode,0.09833856318862459,0.1933941297658136
gru,hierarchical,observable,"{""dropout"": 0.0, ""epochs"": 100, ""hidden_size"": 64, ""learning_rate"": 0.001}",foraging,364,0.5461348776784467,0.18315084621468194,0.7647788342290203,0.08235954301726009,0.43215760226588185,0.18458163470889682,0.13308772980450245,-0.8095322524593622,episode,0.5021972839032024,0.5885165530630614
gru,hierarchical,observable,"{""dropout"": 0.0, ""epochs"": 100, ""hidden_size"": 64, ""learning_rate"": 0.001}",information_sampling,40,0.7930979207029554,0.2895861632581487,0.5555555555555556,,0.6214753578965875,0.09970260878610712,-0.1525260672667883,-0.45216782830440966,episode,0.691242905475434,0.902041445493075
gru,hierarchical,observable,"{""dropout"": 0.0, ""epochs"": 100, ""hidden_size"": 64, ""learning_rate"": 0.001}",partial_reinforcement,20,0.6209783206479769,0.20781839737153404,0.75,0.36585793126427857,0.5706625220106932,0.1316893603609897,0.07731418177712479,-0.8114736853154577,episode,0.3437716840798168,0.9856727790844725
gru,hierarchical,observable,"{""dropout"": 0.0, ""epochs"": 100, ""hidden_size"": 64, ""learning_rate"": 0.001}",solvability,313,0.5092330349093285,0.17291195761131,0.8137537066108496,0.1561852187078323,0.5510363840590488,0.2033223253206196,0.22954164438463376,-0.745760883381612,episode,0.45751332292767105,0.561615624062114
