stage,target,feature_family,priority,target_role,task,selected_alpha,r_squared,mse,pearson_r,tasks,states,episodes
l21,history_finite_prediction,history,1,primary,macro,10.0,0.035318333253932487,2.619247440158932,0.49930249450800246,3.0,222,30
l21,history_finite_prediction,history,1,primary,bandit,10.0,-0.030391500244765224,2.309095293012235,0.4432691968667186,,162,6
l21,history_finite_prediction,history,1,primary,foraging,10.0,-0.24538315698305446,1.2347434589965178,0.43516048559943155,,36,12
l21,history_finite_prediction,history,1,primary,solvability,10.0,0.38172965698961714,4.313903568468043,0.6194778010578572,,24,12
l21,history_summary,history,1,primary,macro,0.01,0.0036760787373032824,0.4400267003476319,0.48230470828160915,3.0,222,30
l21,history_summary,history,1,primary,bandit,0.01,0.030022280907383014,0.5884860333801788,0.39594842418826603,,162,6
l21,history_summary,history,1,primary,foraging,0.01,-0.3800066985669006,0.6219088876202623,0.38917590132167634,,36,12
l21,history_summary,history,1,primary,solvability,0.01,0.36101265387142745,0.10968518004245446,0.6617897993348849,,24,12
l21,history_recent_outcomes,history,1,primary,macro,100.0,-0.38441191702431105,5.818455249464403,-0.13683203737740837,3.0,222,30
l21,history_recent_outcomes,history,1,primary,bandit,100.0,-0.032467994282480594,7.780942467493732,-0.0027996943892192212,,162,6
l21,history_recent_outcomes,history,1,primary,foraging,100.0,-0.9884298098345914,9.133102834590856,-0.469240331684109,,36,12
l21,history_recent_outcomes,history,1,primary,solvability,100.0,-0.1323379469558612,0.5413204463086214,0.061543913941103146,,24,12
l21,history_recent_choices,history,1,primary,macro,0.01,0.4183187977481599,0.2409729583219112,0.7654408298292057,3.0,222,30
l21,history_recent_choices,history,1,primary,bandit,0.01,0.47338122887946876,0.23459608552866296,0.8313435775055713,,162,6
l21,history_recent_choices,history,1,primary,foraging,0.01,0.46969279751894777,0.2511133497859497,0.730962423492954,,36,12
l21,history_recent_choices,history,1,primary,solvability,0.01,0.3118823668460632,0.23720943965112098,0.7340164884890917,,24,12
l21,time_effort,time_effort,2,primary,macro,0.01,-0.17800118327875789,0.445942736298025,0.619780585615659,3.0,222,30
l21,time_effort,time_effort,2,primary,bandit,0.01,-0.012235089935752841,0.8855110797956628,0.5794322235439344,,162,6
l21,time_effort,time_effort,2,primary,foraging,0.01,0.4100306755268901,0.22551071755804314,0.6856890201119241,,36,12
l21,time_effort,time_effort,2,primary,solvability,0.01,-0.9317991354274109,0.22680641154036887,0.5942205131911185,,24,12
l21,cost_pressure,cost,3,primary,macro,10.0,-0.37809838593195516,0.19202329487569836,0.14265651960393727,3.0,222,30
l21,cost_pressure,cost,3,primary,bandit,10.0,0.0,0.029503949891223534,0.0,,162,6
l21,cost_pressure,cost,3,primary,foraging,10.0,-0.0012244653780117964,0.25030611634450295,0.23889254946666377,,36,12
l21,cost_pressure,cost,3,primary,solvability,10.0,-1.1330706924178537,0.29625981839136856,0.18907700934514804,,24,12
l21,progress_solvability,progress_solvability,4,primary,macro,100.0,-0.33625778842107445,0.5318276862453232,0.0007871398159061127,3.0,222,30
l21,progress_solvability,progress_solvability,4,primary,bandit,100.0,-0.16008191362136093,0.9618588891432729,0.02616666427054233,,162,6
l21,progress_solvability,progress_solvability,4,primary,foraging,100.0,-0.6949904783611565,0.5447172591970548,-0.1256001092272845,,36,12
l21,progress_solvability,progress_solvability,4,primary,solvability,100.0,-0.15370097328070598,0.08890691039564175,0.10179486440446052,,24,12
l21,estimated_continue_value,continuation_value,5,control,macro,1.0,-1.779989704698055,0.8555849144473116,-0.13434153152834907,3.0,222,30
l21,estimated_continue_value,continuation_value,5,control,bandit,1.0,-0.5060038121280253,0.49481106435712585,-0.29957535973485155,,162,6
l21,estimated_continue_value,continuation_value,5,control,foraging,1.0,-3.119671912691217,1.7317562201505,-0.4384675826094459,,36,12
l21,estimated_continue_value,continuation_value,5,control,solvability,1.0,-1.714293389274923,0.3401874588343092,0.33501834775925027,,24,12
l21,estimated_outside_value,outside_option,5,control,macro,0.1,-0.06299897845220537,0.7514413809716703,0.17326511351563745,3.0,222,30
l21,estimated_outside_value,outside_option,5,control,bandit,0.1,0.0,0.06532720755839483,0.0,,162,6
l21,estimated_outside_value,outside_option,5,control,foraging,0.1,-0.03494647249806948,1.0349464724980695,0.1542199611591229,,36,12
l21,estimated_outside_value,outside_option,5,control,solvability,0.1,-0.15405046285854662,1.1540504628585466,0.36557537938778945,,24,12
l21,termination_advantage,derived_termination,5,control,macro,0.01,-0.6473078362118266,1.6374022257897052,-0.03220740646962602,3.0,222,30
l21,termination_advantage,derived_termination,5,control,bandit,0.01,-0.6978047619946064,0.5578289872759842,-0.21410587064746034,,162,6
l21,termination_advantage,derived_termination,5,control,foraging,0.01,-0.7155274451292251,2.1348653612885515,-0.2624791066011404,,36,12
l21,termination_advantage,derived_termination,5,control,solvability,0.01,-0.5285913015116486,2.21951232880458,0.37996275783972266,,24,12
displacement,history_finite_prediction,history,1,primary,macro,10.0,0.02807760887195987,2.4196295348244123,0.6793529851086594,3.0,222,30
displacement,history_finite_prediction,history,1,primary,bandit,10.0,-0.013258148221859667,2.2706996516465843,0.638759119452175,,162,6
displacement,history_finite_prediction,history,1,primary,foraging,10.0,-0.38430381652612966,1.3724772758772839,0.7046804417284227,,36,12
displacement,history_finite_prediction,history,1,primary,solvability,10.0,0.48179479136386894,3.6157116769493682,0.6946193941453807,,24,12
displacement,history_summary,history,1,primary,macro,100.0,0.06932973199133279,0.4249205320505605,0.5918626012349408,3.0,222,30
displacement,history_summary,history,1,primary,bandit,100.0,-0.1613676138481983,0.7046023912890224,0.31900030851939915,,162,6
displacement,history_summary,history,1,primary,foraging,100.0,-0.040322014256719774,0.4688278015788938,0.7238290521454409,,36,12
displacement,history_summary,history,1,primary,solvability,100.0,0.4096788240789164,0.10133140328376557,0.7327584430399824,,24,12
displacement,history_recent_outcomes,history,1,primary,macro,10.0,0.011685512345501673,3.930661886435215,0.4615577493873282,3.0,222,30
displacement,history_recent_outcomes,history,1,primary,bandit,10.0,0.20846886478856153,5.965180769201798,0.621189717681411,,162,6
displacement,history_recent_outcomes,history,1,primary,foraging,10.0,-0.16347861471388403,5.344000467843097,0.28761712864342776,,36,12
displacement,history_recent_outcomes,history,1,primary,solvability,10.0,-0.009933713038172476,0.48280442226074854,0.4758664018371459,,24,12
displacement,history_recent_choices,history,1,primary,macro,10.0,0.12418487468898949,0.3742091363481404,0.6617204705974156,3.0,222,30
displacement,history_recent_choices,history,1,primary,bandit,10.0,-0.4199243298205726,0.6325423775040016,0.6020742555700892,,162,6
displacement,history_recent_choices,history,1,primary,foraging,10.0,0.42682842362593465,0.27141067266671237,0.725768783314758,,36,12
displacement,history_recent_choices,history,1,primary,solvability,10.0,0.36565053026160643,0.21867435887370731,0.6573183729073996,,24,12
displacement,time_effort,time_effort,2,primary,macro,0.01,-0.34448168796972006,0.6562467895059624,0.4313013718649071,3.0,222,30
displacement,time_effort,time_effort,2,primary,bandit,0.01,-0.640318889702987,1.4349636420155194,0.28650457522039185,,162,6
displacement,time_effort,time_effort,2,primary,foraging,0.01,0.04541411673285389,0.3648822719699967,0.5756092740496611,,36,12
displacement,time_effort,time_effort,2,primary,solvability,0.01,-0.438540290939027,0.16889445453237126,0.43179026632466844,,24,12
displacement,cost_pressure,cost,3,primary,macro,0.01,-0.3167091089798349,0.2058403289221311,0.10039877293363507,3.0,222,30
displacement,cost_pressure,cost,3,primary,bandit,0.01,0.0,0.09715843968678663,0.0,,162,6
displacement,cost_pressure,cost,3,primary,foraging,0.01,0.004396234957920631,0.24890094126051984,0.17650625831793915,,36,12
displacement,cost_pressure,cost,3,primary,solvability,0.01,-0.9545235618974253,0.2714616058190868,0.12469006048296605,,24,12
displacement,progress_solvability,progress_solvability,4,primary,macro,100.0,0.041009013341014554,0.4283639689453948,0.5195091109758622,3.0,222,30
displacement,progress_solvability,progress_solvability,4,primary,bandit,100.0,-0.05299319240379119,0.8730684018331459,0.3765831585768988,,162,6
displacement,progress_solvability,progress_solvability,4,primary,foraging,100.0,-0.11115856018039283,0.357091826273872,0.510259193603967,,36,12
displacement,progress_solvability,progress_solvability,4,primary,solvability,100.0,0.2871787926072277,0.05493167872916643,0.671684980746721,,24,12
displacement,estimated_continue_value,continuation_value,5,control,macro,10.0,-2.5115564173010427,0.8370846427120746,0.09799874732829628,3.0,222,30
displacement,estimated_continue_value,continuation_value,5,control,bandit,10.0,-0.6087080878513615,0.5285554756098987,-0.05285874514556914,,162,6
displacement,estimated_continue_value,continuation_value,5,control,foraging,10.0,-1.928477672478396,1.2310226475227664,0.06502499577862204,,36,12
displacement,estimated_continue_value,continuation_value,5,control,solvability,10.0,-4.997483491573371,0.7516758050035586,0.2818299913518359,,24,12
displacement,estimated_outside_value,outside_option,5,control,macro,0.01,-0.12885299936573977,0.8407836243726917,0.0632021082479244,3.0,222,30
displacement,estimated_outside_value,outside_option,5,control,bandit,0.01,0.0,0.13579187502085546,0.0,,162,6
displacement,estimated_outside_value,outside_option,5,control,foraging,0.01,-0.12801789549242093,1.128017895492421,0.08182566619722119,,36,12
displacement,estimated_outside_value,outside_option,5,control,solvability,0.01,-0.25854110260479835,1.2585411026047983,0.107780658546552,,24,12
displacement,termination_advantage,derived_termination,5,control,macro,0.01,-0.9294968090253737,1.7636652731415328,0.03757706398669423,3.0,222,30
displacement,termination_advantage,derived_termination,5,control,bandit,0.01,-1.5238323876547732,0.8292277748154082,0.026928029816851384,,162,6
displacement,termination_advantage,derived_termination,5,control,foraging,0.01,-0.3418202917210509,1.669810453923452,-0.1908055125537736,,36,12
displacement,termination_advantage,derived_termination,5,control,solvability,0.01,-0.9228377477002969,2.791957590685738,0.2766086746970049,,24,12
l22,history_finite_prediction,history,1,primary,macro,10.0,0.03146523405471894,2.1531859264170183,0.6793872851310652,3.0,222,30
l22,history_finite_prediction,history,1,primary,bandit,10.0,0.10341396172406458,2.00923881871275,0.5552136805115534,,162,6
l22,history_finite_prediction,history,1,primary,foraging,10.0,-0.5983102355449592,1.5846553710965074,0.6872537989413291,,36,12
l22,history_finite_prediction,history,1,primary,solvability,10.0,0.5892919759850515,2.865663589441798,0.7956943759403131,,24,12
l22,history_summary,history,1,primary,macro,10.0,0.17749039956466442,0.3828380436056759,0.5496239979666099,3.0,222,30
l22,history_summary,history,1,primary,bandit,10.0,-0.07512632641595074,0.652279753195768,0.2685831065686034,,162,6
l22,history_summary,history,1,primary,foraging,10.0,0.07806323495823897,0.4154767281918009,0.6437412733368233,,36,12
l22,history_summary,history,1,primary,solvability,10.0,0.5295342901517051,0.08075764942945858,0.7365476139944032,,24,12
l22,history_recent_outcomes,history,1,primary,macro,0.01,0.01551145535340559,4.310996780874199,0.3923805946887757,3.0,222,30
l22,history_recent_outcomes,history,1,primary,bandit,0.01,0.2237407071172769,5.850088265424041,0.5936620662660762,,162,6
l22,history_recent_outcomes,history,1,primary,foraging,0.01,-0.468281253614135,6.7439965006737586,-0.05997117267614216,,36,12
l22,history_recent_outcomes,history,1,primary,solvability,0.01,0.29107491255707485,0.33890557652479836,0.6434508904763929,,24,12
l22,history_recent_choices,history,1,primary,macro,0.01,0.2370358027730315,0.32270024014680543,0.626090800974855,3.0,222,30
l22,history_recent_choices,history,1,primary,bandit,0.01,-0.3208699472497498,0.5884160157411485,0.42216848764448334,,162,6
l22,history_recent_choices,history,1,primary,foraging,0.01,0.642973262858499,0.16906083776969516,0.8228482221751694,,36,12
l22,history_recent_choices,history,1,primary,solvability,0.01,0.3890040927103453,0.2106238669295726,0.6332556931049126,,24,12
l22,time_effort,time_effort,2,primary,macro,0.01,-0.0666527214304213,0.5827033355869342,0.42953867813066476,3.0,222,30
l22,time_effort,time_effort,2,primary,bandit,0.01,-0.6360159565016061,1.431199402795473,0.03471674769917498,,162,6
l22,time_effort,time_effort,2,primary,foraging,0.01,0.4966929991045096,0.19238478716718763,0.7821743223598445,,36,12
l22,time_effort,time_effort,2,primary,solvability,0.01,-0.06063520689416735,0.12452581679814197,0.4717249643329747,,24,12
l22,cost_pressure,cost,3,primary,macro,10.0,-0.274982055418566,0.1844285551023159,0.029430552030352792,3.0,222,30
l22,cost_pressure,cost,3,primary,bandit,10.0,0.0,0.04492489847265302,0.0,,162,6
l22,cost_pressure,cost,3,primary,foraging,10.0,-0.04406419368903003,0.2610160484222575,-0.02031334932613038,,36,12
l22,cost_pressure,cost,3,primary,solvability,10.0,-0.780881972566668,0.24734471841203717,0.10860500541718876,,24,12
l22,progress_solvability,progress_solvability,4,primary,macro,100.0,-0.053845528642492146,0.45044884166804805,0.3867268967786213,3.0,222,30
l22,progress_solvability,progress_solvability,4,primary,bandit,100.0,-0.03131063414147728,0.8550907390844267,0.4432845026015887,,162,6
l22,progress_solvability,progress_solvability,4,primary,foraging,100.0,-0.3593394838774622,0.4368494616512526,0.12401611364365359,,36,12
l22,progress_solvability,progress_solvability,4,primary,solvability,100.0,0.229113532091463,0.059406324268464795,0.5928800740906217,,24,12
l22,estimated_continue_value,continuation_value,5,control,macro,0.01,-2.5087052621253503,0.9001606367855689,0.021794542154815005,3.0,222,30
l22,estimated_continue_value,continuation_value,5,control,bandit,0.01,-0.43888621005257167,0.472758974015385,-0.01893981123954661,,162,6
l22,estimated_continue_value,continuation_value,5,control,foraging,0.01,-2.6904741231838707,1.5513374981244914,-0.3075242373480301,,36,12
l22,estimated_continue_value,continuation_value,5,control,solvability,0.01,-4.396755453139609,0.6763854382168303,0.3918476750520217,,24,12
l22,estimated_outside_value,outside_option,5,control,macro,0.01,-0.13147605082738667,0.8316752442180294,0.04243799681907421,3.0,222,30
l22,estimated_outside_value,outside_option,5,control,bandit,0.01,0.0,0.1005975801719282,0.0,,162,6
l22,estimated_outside_value,outside_option,5,control,foraging,0.01,-0.2761349770896564,1.2761349770896564,-0.12125764909932243,,36,12
l22,estimated_outside_value,outside_option,5,control,solvability,0.01,-0.11829317539250361,1.1182931753925036,0.24857163955654507,,24,12
l22,termination_advantage,derived_termination,5,control,macro,0.01,-0.7171001996434591,1.6219460449573655,-0.0029812073457104646,3.0,222,30
l22,termination_advantage,derived_termination,5,control,bandit,0.01,-1.0722560365770613,0.6808583131209283,-0.029947501383423388,,162,6
l22,termination_advantage,derived_termination,5,control,foraging,0.01,-0.37688322757422377,1.7134440591045002,-0.30502627339104077,,36,12
l22,termination_advantage,derived_termination,5,control,solvability,0.01,-0.7021613347790925,2.4715357626466683,0.32603015273733277,,24,12
